                        ;	CPU 8085U
                        ; Adapted to generic 8085 and using SID/SOD for serial input/output
                        ; Assumes 32KB ROM, 32KB RAM
                        ; Essentially, you can use this with any 8085-based system as long as you can bring
                        ; SID/SOD out e.g. to an FTDI connector.
                        ; Modified by Ben Chong
                        ; Successfully cross-assembled by ASMX 2.0b6 on Mac OS X

                        ;*************************************************************
                        ;
                        ;                 TINY BASIC FOR INTEL 8080
                        ;                       VERSION 2.0
                        ;                     BY LI-CHEN WANG
                        ;                  MODIFIED AND TRANSLATED
                        ;                    TO INTEL MNEMONICS
                        ;                     BY ROGER RAUSKOLB
                        ;                      10 OCTOBER,1976
                        ;                        @COPYLEFT
                        ;                   ALL WRONGS RESERVED
                        ;
                        ;*************************************************************
                        ;
                        ; *** ZERO PAGE SUBROUTINES ***
                        ;
                        ; THE 8080 INSTRUCTION SET LETS YOU HAVE 8 ROUTINES IN LOW
                        ; MEMORY THAT MAY BE CALLED BY RST N, N BEING 0 THROUGH 7.
                        ; THIS IS A ONE BYTE INSTRUCTION AND HAS THE SAME POWER AS
                        ; THE THREE BYTE INSTRUCTION CALL LLHH.  TINY BASIC WILL
                        ; USE RST 0 AS START AND RST 1 THROUGH RST 7 FOR
                        ; THE SEVEN MOST FREQUENTLY USED SUBROUTINES.
                        ; TWO OTHER SUBROUTINES (CRLF AND TSTNUM) ARE ALSO IN THIS
                        ; SECTION.  THEY CAN BE REACHED ONLY BY 3-BYTE CALLS.
                        ;
                        DWA     MACRO   WHERE
                                DB   ((WHERE >> 8) + 128)
                                DB   (WHERE & 0FFH)
                                ENDM
                        ;
0000                            ORG  0H
0000  31 00FF           START:  LXI  SP,STACK                   ;*** COLD START ***
0003  3E FF                     MVI  A,0FFH
0005  C3 4206                   JMP  INIT
                        ;
0008  E3                        XTHL                            ;*** TSTC OR RST 1 ***
0009  EF                        RST  5                          ;IGNORE BLANKS AND
000A  BE                        CMP  M                          ;TEST CHARACTER
000B  C3 6800                   JMP  TC1                        ;REST OF THIS IS AT TC1
                        ;
000E  3E 0D             CRLF:   MVI  A,CR                       ;*** CRLF ***
                        ;
0010  F5                        PUSH PSW                        ;*** OUTC OR RST 2 ***
0011  3A 0080                   LDA  OCSW                       ;PRINT CHARACTER ONLY
0014  B7                        ORA  A                          ;IF OCSW SWITCH IS ON
0015  C3 6406                   JMP  OC2                        ;REST OF THIS IS AT OC2
                        ;
0018  CD 7103                   CALL EXPR2                      ;*** EXPR OR RST 3 ***
001B  E5                        PUSH H                          ;EVALUATE AN EXPRESSION
001C  C3 2D03                   JMP  EXPR1                      ;REST OF IT AT EXPR1
001F  57                        DB   'W'
                        ;
0020  7C                        MOV  A,H                        ;*** COMP OR RST 4 ***
0021  BA                        CMP  D                          ;COMPARE HL WITH DE
0022  C0                        RNZ                             ;RETURN CORRECT C AND
0023  7D                        MOV  A,L                        ;Z FLAGS
0024  BB                        CMP  E                          ;BUT OLD A IS LOST
0025  C9                        RET
0026  414E                      DB   'AN'
                        ;
0028  1A                SS1:    LDAX D                          ;*** IGNBLK/RST 5 ***
0029  FE 20                     CPI  20H                        ;IGNORE BLANKS
002B  C0                        RNZ                             ;IN TEXT (WHERE DE->)
002C  13                        INX  D                          ;AND RETURN THE FIRST
002D  C3 2800                   JMP  SS1                        ;NON-BLANK CHAR. IN A
                        ;
0030  F1                        POP  PSW                        ;*** FINISH/RST 6 ***
0031  CD B304                   CALL FIN                        ;CHECK END OF COMMAND
0034  C3 C604                   JMP  QWHAT                      ;PRINT "WHAT?" IF WRONG
0037  47                        DB   'G'
                        ;
0038  EF                        RST  5                          ;*** TSTV OR RST 7 ***
0039  D6 40                     SUI  40H                        ;TEST VARIABLES
003B  D8                        RC                              ;C:NOT A VARIABLE
003C  C2 5800                   JNZ  TV1                        ;NOT "@" ARRAY
003F  13                        INX  D                          ;IT IS THE "@" ARRAY
0040  CD 1A04                   CALL PARN                       ;@ SHOULD BE FOLLOWED
0043  29                        DAD  H                          ;BY (EXPR) AS ITS INDEX
0044  DA 9F00                   JC   QHOW                       ;IS INDEX TOO BIG?
0047  D5                        PUSH D                          ;WILL IT OVERWRITE
0048  EB                        XCHG                            ;TEXT?
0049  CD 5904                   CALL SIZE                       ;FIND SIZE OF FREE
004C  E7                        RST  4                          ;AND CHECK THAT
004D  DA F404                   JC   ASORRY                     ;IF SO, SAY "SORRY"
0050  21 00FE                   LXI  H,VARBGN                   ;IF NOT GET ADDRESS
0053  CD 7C04                   CALL SUBDE                      ;OF @(EXPR) AND PUT IT
0056  D1                        POP  D                          ;IN HL
0057  C9                        RET                             ;C FLAG IS CLEARED
0058  FE 1B             TV1:    CPI  1BH                        ;NOT @, IS IT A TO Z?
005A  3F                        CMC                             ;IF NOT RETURN C FLAG
005B  D8                        RC
005C  13                        INX  D                          ;IF A THROUGH Z
005D  21 00FE                   LXI  H,VARBGN                   ;COMPUTE ADDRESS OF
0060  07                        RLC                             ;THAT VARIABLE
0061  85                        ADD  L                          ;AND RETURN IT IN HL
0062  6F                        MOV  L,A                        ;WITH C FLAG CLEARED
0063  3E 00                     MVI  A,0
0065  8C                        ADC  H
0066  67                        MOV  H,A
0067  C9                        RET
                        ;
                        ;TSTC:  XTHL                            ;*** TSTC OR RST 1 ***
                        ;       RST  5                          ;THIS IS AT LOC. 8
                        ;       CMP  M                          ;AND THEN JUMP HERE
0068  23                TC1:    INX  H                          ;COMPARE THE BYTE THAT
0069  CA 7300                   JZ   TC2                        ;FOLLOWS THE RST INST.
006C  C5                        PUSH B                          ;WITH THE TEXT (DE->)
006D  4E                        MOV  C,M                        ;IF NOT =, ADD THE 2ND
006E  06 00                     MVI  B,0                        ;BYTE THAT FOLLOWS THE
0070  09                        DAD  B                          ;RST TO THE OLD PC
0071  C1                        POP  B                          ;I.E., DO A RELATIVE
0072  1B                        DCX  D                          ;JUMP IF NOT =
0073  13                TC2:    INX  D                          ;IF =, SKIP THOSE BYTES
0074  23                        INX  H                          ;AND CONTINUE
0075  E3                        XTHL
0076  C9                        RET
                        ;
0077  21 0000           TSTNUM: LXI  H,0                        ;*** TSTNUM ***
007A  44                        MOV  B,H                        ;TEST IF THE TEXT IS
007B  EF                        RST  5                          ;A NUMBER
007C  FE 30             TN1:    CPI  30H                        ;IF NOT, RETURN 0 IN
007E  D8                        RC                              ;B AND HL
007F  FE 3A                     CPI  3AH                        ;IF NUMBERS, CONVERT
0081  D0                        RNC                             ;TO BINARY IN HL AND
0082  3E F0                     MVI  A,0F0H                     ;SET B TO # OF DIGITS
0084  A4                        ANA  H                          ;IF H>255, THERE IS NO
0085  C2 9F00                   JNZ  QHOW                       ;ROOM FOR NEXT DIGIT
0088  04                        INR  B                          ;B COUNTS # OF DIGITS
0089  C5                        PUSH B
008A  44                        MOV  B,H                        ;HL=10*HL+(NEW DIGIT)
008B  4D                        MOV  C,L
008C  29                        DAD  H                          ;WHERE 10* IS DONE BY
008D  29                        DAD  H                          ;SHIFT AND ADD
008E  09                        DAD  B
008F  29                        DAD  H
0090  1A                        LDAX D                          ;AND (DIGIT) IS FROM
0091  13                        INX  D                          ;STRIPPING THE ASCII
0092  E6 0F                     ANI  0FH                        ;CODE
0094  85                        ADD  L
0095  6F                        MOV  L,A
0096  3E 00                     MVI  A,0
0098  8C                        ADC  H
0099  67                        MOV  H,A
009A  C1                        POP  B
009B  1A                        LDAX D                          ;DO THIS DIGIT AFTER
009C  F2 7C00                   JP   TN1                        ;DIGIT. S SAYS OVERFLOW
009F  D5                QHOW:   PUSH D                          ;*** ERROR "HOW?" ***
00A0  11 A600           AHOW:   LXI  D,HOW
00A3  C3 CA04                   JMP  ERROR
00A6  484F573F          HOW:    DB   'HOW?'
00AA  0D                        DB   CR
00AB  4F4B              OK:     DB   'OK'
00AD  0D                        DB   CR
00AE  57484154 3F       WHAT:   DB   'WHAT?'
00B3  0D                        DB   CR
00B4  534F5252 59       SORRY:  DB   'SORRY'
00B9  0D                        DB   CR
                        ;
                        ;*************************************************************
                        ;
                        ; *** MAIN ***
                        ;
                        ; THIS IS THE MAIN LOOP THAT COLLECTS THE TINY BASIC PROGRAM
                        ; AND STORES IT IN THE MEMORY.
                        ;
                        ; AT START, IT PRINTS OUT "(CR)OK(CR)", AND INITIALIZES THE
                        ; STACK AND SOME OTHER INTERNAL VARIABLES.  THEN IT PROMPTS
                        ; ">" AND READS A LINE.  IF THE LINE STARTS WITH A NON-ZERO
                        ; NUMBER, THIS NUMBER IS THE LINE NUMBER.  THE LINE NUMBER
                        ; (IN 16 BIT BINARY) AND THE REST OF THE LINE (INCLUDING CR)
                        ; IS STORED IN THE MEMORY.  IF A LINE WITH THE SAME LINE
                        ; NUMBER IS ALREADY THERE, IT IS REPLACED BY THE NEW ONE.  IF
                        ; THE REST OF THE LINE CONSISTS OF A CR ONLY, IT IS NOT STORED
                        ; AND ANY EXISTING LINE WITH THE SAME LINE NUMBER IS DELETED.
                        ;
                        ; AFTER A LINE IS INSERTED, REPLACED, OR DELETED, THE PROGRAM
                        ; LOOPS BACK AND ASKS FOR ANOTHER LINE.  THIS LOOP WILL BE
                        ; TERMINATED WHEN IT READS A LINE WITH ZERO OR NO LINE
                        ; NUMBER; AND CONTROL IS TRANSFERED TO "DIRECT".
                        ;
                        ; TINY BASIC PROGRAM SAVE AREA STARTS AT THE MEMORY LOCATION
                        ; LABELED "TXTBGN" AND ENDS AT "TXTEND".  WE ALWAYS FILL THIS
                        ; AREA STARTING AT "TXTBGN", THE UNFILLED PORTION IS POINTED
                        ; BY THE CONTENT OF A MEMORY LOCATION LABELED "TXTUNF".
                        ;
                        ; THE MEMORY LOCATION "CURRNT" POINTS TO THE LINE NUMBER
                        ; THAT IS CURRENTLY BEING INTERPRETED.  WHILE WE ARE IN
                        ; THIS LOOP OR WHILE WE ARE INTERPRETING A DIRECT COMMAND
                        ; (SEE NEXT SECTION). "CURRNT" SHOULD POINT TO A 0.
                        ;
00BA  31 00FF           RSTART: LXI  SP,STACK
00BD  CD 0E00           ST1:    CALL CRLF                       ;AND JUMP TO HERE
00C0  11 AB00                   LXI  D,OK                       ;DE->STRING
00C3  97                        SUB  A                          ;A=0
00C4  CD 6005                   CALL PRTSTG                     ;PRINT STRING UNTIL CR
00C7  21 CE00                   LXI  H,ST2+1                    ;LITERAL 0
00CA  22 0180                   SHLD CURRNT                     ;CURRENT->LINE # = 0
00CD  21 0000           ST2:    LXI  H,0
00D0  22 0980                   SHLD LOPVAR
00D3  22 0380                   SHLD STKGOS
00D6  3E 3E             ST3:    MVI  A,3EH                      ;PROMPT '>' AND
00D8  CD FA04                   CALL GETLN                      ;READ A LINE
00DB  D5                        PUSH D                          ;DE->END OF LINE
00DC  11 37FE                   LXI  D,BUFFER                   ;DE->BEGINNING OF LINE
00DF  CD 7700                   CALL TSTNUM                     ;TEST IF IT IS A NUMBER
00E2  EF                        RST  5
00E3  7C                        MOV  A,H                        ;HL=VALUE OF THE # OR
00E4  B5                        ORA  L                          ;0 IF NO # WAS FOUND
00E5  C1                        POP  B                          ;BC->END OF LINE
00E6  CA 3107                   JZ   DIRECT
00E9  1B                        DCX  D                          ;BACKUP DE AND SAVE
00EA  7C                        MOV  A,H                        ;VALUE OF LINE # THERE
00EB  12                        STAX D
00EC  1B                        DCX  D
00ED  7D                        MOV  A,L
00EE  12                        STAX D
00EF  C5                        PUSH B                          ;BC,DE->BEGIN, END
00F0  D5                        PUSH D
00F1  79                        MOV  A,C
00F2  93                        SUB  E
00F3  F5                        PUSH PSW                        ;A=# OF BYTES IN LINE
00F4  CD 3805                   CALL FNDLN                      ;FIND THIS LINE IN SAVE
00F7  D5                        PUSH D                          ;AREA, DE->SAVE AREA
00F8  C2 0B01                   JNZ  ST4                        ;NZ:NOT FOUND, INSERT
00FB  D5                        PUSH D                          ;Z:FOUND, DELETE IT
00FC  CD 5405                   CALL FNDNXT                     ;FIND NEXT LINE
                                                                ;DE->NEXT LINE
00FF  C1                        POP  B                          ;BC->LINE TO BE DELETED
0100  2A 1580                   LHLD TXTUNF                     ;HL->UNFILLED SAVE AREA
0103  CD E505                   CALL MVUP                       ;MOVE UP TO DELETE
0106  60                        MOV  H,B                        ;TXTUNF->UNFILLED AREA
0107  69                        MOV  L,C
0108  22 1580                   SHLD TXTUNF                     ;UPDATE
010B  C1                ST4:    POP  B                          ;GET READY TO INSERT
010C  2A 1580                   LHLD TXTUNF                     ;BUT FIRST CHECK IF
010F  F1                        POP  PSW                        ;THE LENGTH OF NEW LINE
0110  E5                        PUSH H                          ;IS 3 (LINE # AND CR)
0111  FE 03                     CPI  3                          ;THEN DO NOT INSERT
0113  CA BA00                   JZ   RSTART                     ;MUST CLEAR THE STACK
0116  85                        ADD  L                          ;COMPUTE NEW TXTUNF
0117  6F                        MOV  L,A
0118  3E 00                     MVI  A,0
011A  8C                        ADC  H
011B  67                        MOV  H,A                        ;HL->NEW UNFILLED AREA
011C  11 00FE                   LXI  D,TXTEND                   ;CHECK TO SEE IF THERE
011F  E7                        RST  4                          ;IS ENOUGH SPACE
0120  D2 F304                   JNC  QSORRY                     ;SORRY, NO ROOM FOR IT
0123  22 1580                   SHLD TXTUNF                     ;OK, UPDATE TXTUNF
0126  D1                        POP  D                          ;DE->OLD UNFILLED AREA
0127  CD EE05                   CALL MVDOWN
012A  D1                        POP  D                          ;DE->BEGIN, HL->END
012B  E1                        POP  H
012C  CD E505                   CALL MVUP                       ;MOVE NEW LINE TO SAVE
012F  C3 D600                   JMP  ST3                        ;AREA
                        ;
                        ;*************************************************************
                        ;
                        ; WHAT FOLLOWS IS THE CODE TO EXECUTE DIRECT AND STATEMENT
                        ; COMMANDS.  CONTROL IS TRANSFERED TO THESE POINTS VIA THE
                        ; COMMAND TABLE LOOKUP CODE OF 'DIRECT' AND 'EXEC' IN LAST
                        ; SECTION.  AFTER THE COMMAND IS EXECUTED, CONTROL IS
                        ; TRANSFERED TO OTHERS SECTIONS AS FOLLOWS:
                        ;
                        ; FOR 'LIST', 'NEW', AND 'STOP': GO BACK TO 'RSTART'
                        ; FOR 'RUN': GO EXECUTE THE FIRST STORED LINE IF ANY, ELSE
                        ; GO BACK TO 'RSTART'.
                        ; FOR 'GOTO' AND 'GOSUB': GO EXECUTE THE TARGET LINE.
                        ; FOR 'RETURN' AND 'NEXT': GO BACK TO SAVED RETURN LINE.
                        ; FOR ALL OTHERS: IF 'CURRENT' -> 0, GO TO 'RSTART', ELSE
                        ; GO EXECUTE NEXT COMMAND.  (THIS IS DONE IN 'FINISH'.)
                        ;*************************************************************
                        ;
                        ; *** NEW *** STOP *** RUN (& FRIENDS) *** & GOTO ***
                        ;
                        ; 'NEW(CR)' SETS 'TXTUNF' TO POINT TO 'TXTBGN'
                        ;
                        ; 'STOP(CR)' GOES BACK TO 'RSTART'
                        ;
                        ; 'RUN(CR)' FINDS THE FIRST STORED LINE, STORE ITS ADDRESS (IN
                        ; 'CURRENT'), AND START EXECUTE IT.  NOTE THAT ONLY THOSE
                        ; COMMANDS IN TAB2 ARE LEGAL FOR STORED PROGRAM.
                        ;
                        ; THERE ARE 3 MORE ENTRIES IN 'RUN':
                        ; 'RUNNXL' FINDS NEXT LINE, STORES ITS ADDR. AND EXECUTES IT.
                        ; 'RUNTSL' STORES THE ADDRESS OF THIS LINE AND EXECUTES IT.
                        ; 'RUNSML' CONTINUES THE EXECUTION ON SAME LINE.
                        ;
                        ; 'GOTO EXPR(CR)' EVALUATES THE EXPRESSION, FIND THE TARGET
                        ; LINE, AND JUMP TO 'RUNTSL' TO DO IT.
                        ;
0132  CD C204           NEW:    CALL ENDCHK                     ;*** NEW(CR) ***
0135  21 1780                   LXI  H,TXTBGN
0138  22 1580                   SHLD TXTUNF
                        ;
013B  CD C204           STOP:   CALL ENDCHK                     ;*** STOP(CR) ***
013E  C3 BA00                   JMP  RSTART
                        ;
0141  CD C204           RUN:    CALL ENDCHK                     ;*** RUN(CR) ***
0144  11 1780                   LXI  D,TXTBGN                   ;FIRST SAVED LINE
                        ;
0147  21 0000           RUNNXL: LXI  H,0                        ;*** RUNNXL ***
014A  CD 4005                   CALL FNDLP                      ;FIND WHATEVER LINE #
014D  DA BA00                   JC   RSTART                     ;C:PASSED TXTUNF, QUIT
                        ;
0150  EB                RUNTSL: XCHG                            ;*** RUNTSL ***
0151  22 0180                   SHLD CURRNT                     ;SET 'CURRENT'->LINE #
0154  EB                        XCHG
0155  13                        INX  D                          ;BUMP PASS LINE #
0156  13                        INX  D
                        ;
0157  CD 7B06           RUNSML: CALL CHKIO                      ;*** RUNSML ***
015A  21 B606                   LXI  H,TAB2-1                   ;FIND COMMAND IN TAB2
015D  C3 3407                   JMP  EXEC                       ;AND EXECUTE IT
                        ;
0160  DF                GOTO:   RST  3                          ;*** GOTO EXPR ***
0161  D5                        PUSH D                          ;SAVE FOR ERROR ROUTINE
0162  CD C204                   CALL ENDCHK                     ;MUST FIND A CR
0165  CD 3805                   CALL FNDLN                      ;FIND THE TARGET LINE
0168  C2 A000                   JNZ  AHOW                       ;NO SUCH LINE #
016B  F1                        POP  PSW                        ;CLEAR THE PUSH DE
016C  C3 5001                   JMP  RUNTSL                     ;GO DO IT
                        ;
                        ;*************************************************************
                        ;
                        ; *** LIST *** & PRINT ***
                        ;
                        ; LIST HAS TWO FORMS:
                        ; 'LIST(CR)' LISTS ALL SAVED LINES
                        ; 'LIST #(CR)' START LIST AT THIS LINE #
                        ; YOU CAN STOP THE LISTING BY CONTROL C KEY
                        ;
                        ; PRINT COMMAND IS 'PRINT ....;' OR 'PRINT ....(CR)'
                        ; WHERE '....' IS A LIST OF EXPRESIONS, FORMATS, BACK-
                        ; ARROWS, AND STRINGS.  THESE ITEMS ARE SEPERATED BY COMMAS.
                        ;
                        ; A FORMAT IS A POUND SIGN FOLLOWED BY A NUMBER.  IT CONTROLS
                        ; THE NUMBER OF SPACES THE VALUE OF A EXPRESION IS GOING TO
                        ; BE PRINTED.  IT STAYS EFFECTIVE FOR THE REST OF THE PRINT
                        ; COMMAND UNLESS CHANGED BY ANOTHER FORMAT.  IF NO FORMAT IS
                        ; SPECIFIED, 6 POSITIONS WILL BE USED.
                        ;
                        ; A STRING IS QUOTED IN A PAIR OF SINGLE QUOTES OR A PAIR OF
                        ; DOUBLE QUOTES.
                        ;
                        ; A BACK-ARROW MEANS GENERATE A (CR) WITHOUT (LF)
                        ;
                        ; A (CRLF) IS GENERATED AFTER THE ENTIRE LIST HAS BEEN
                        ; PRINTED OR IF THE LIST IS A NULL LIST.  HOWEVER IF THE LIST
                        ; ENDED WITH A COMMA, NO (CRLF) IS GENERATED.
                        ;
016F  CD 7700           LIST:   CALL TSTNUM                     ;TEST IF THERE IS A #
0172  CD C204                   CALL ENDCHK                     ;IF NO # WE GET A 0
0175  CD 3805                   CALL FNDLN                      ;FIND THIS OR NEXT LINE
0178  DA BA00           LS1:    JC   RSTART                     ;C:PASSED TXTUNF
017B  CD D205                   CALL PRTLN                      ;PRINT THE LINE
017E  CD 7B06                   CALL CHKIO                      ;STOP IF HIT CONTROL-C
0181  CD 4005                   CALL FNDLP                      ;FIND NEXT LINE
0184  C3 7801                   JMP  LS1                        ;AND LOOP BACK
                        ;
0187  0E 06             PRINT:  MVI  C,6                        ;C = # OF SPACES
0189  CF                        RST  1                          ;IF NULL LIST & ";"
018A  3B                        DB   3BH
018B  06                        DB   PR2-$-1
018C  CD 0E00                   CALL CRLF                       ;GIVE CR-LF AND
018F  C3 5701                   JMP  RUNSML                     ;CONTINUE SAME LINE
0192  CF                PR2:    RST  1                          ;IF NULL LIST (CR)
0193  0D                        DB   CR
0194  06                        DB   PR0-$-1
0195  CD 0E00                   CALL CRLF                       ;ALSO GIVE CR-LF AND
0198  C3 4701                   JMP  RUNNXL                     ;GO TO NEXT LINE
019B  CF                PR0:    RST  1                          ;ELSE IS IT FORMAT?
019C  23                        DB   '#'
019D  05                        DB   PR1-$-1
019E  DF                        RST  3                          ;YES, EVALUATE EXPR.
019F  4D                        MOV  C,L                        ;AND SAVE IT IN C
01A0  C3 A901                   JMP  PR3                        ;LOOK FOR MORE TO PRINT
01A3  CD 6C05           PR1:    CALL QTSTG                      ;OR IS IT A STRING?
01A6  C3 B601                   JMP  PR8                        ;IF NOT, MUST BE EXPR.
01A9  CF                PR3:    RST  1                          ;IF ",", GO FIND NEXT
01AA  2C                        DB   ','
01AB  06                        DB   PR6-$-1
01AC  CD B304                   CALL FIN                        ;IN THE LIST.
01AF  C3 9B01                   JMP  PR0                        ;LIST CONTINUES
01B2  CD 0E00           PR6:    CALL CRLF                       ;LIST ENDS
01B5  F7                        RST  6
01B6  DF                PR8:    RST  3                          ;EVALUATE THE EXPR
01B7  C5                        PUSH B
01B8  CD 9205                   CALL PRTNUM                     ;PRINT THE VALUE
01BB  C1                        POP  B
01BC  C3 A901                   JMP  PR3                        ;MORE TO PRINT?
                        ;
                        ;*************************************************************
                        ;
                        ; *** GOSUB *** & RETURN ***
                        ;
                        ; 'GOSUB EXPR;' OR 'GOSUB EXPR (CR)' IS LIKE THE 'GOTO'
                        ; COMMAND, EXCEPT THAT THE CURRENT TEXT POINTER, STACK POINTER
                        ; ETC. ARE SAVE SO THAT EXECUTION CAN BE CONTINUED AFTER THE
                        ; SUBROUTINE 'RETURN'.  IN ORDER THAT 'GOSUB' CAN BE NESTED
                        ; (AND EVEN RECURSIVE), THE SAVE AREA MUST BE STACKED.
                        ; THE STACK POINTER IS SAVED IN 'STKGOS', THE OLD 'STKGOS' IS
                        ; SAVED IN THE STACK.  IF WE ARE IN THE MAIN ROUTINE, 'STKGOS'
                        ; IS ZERO (THIS WAS DONE BY THE "MAIN" SECTION OF THE CODE),
                        ; BUT WE STILL SAVE IT AS A FLAG FOR NO FURTHER 'RETURN'S.
                        ;
                        ; 'RETURN(CR)' UNDOS EVERYTHING THAT 'GOSUB' DID, AND THUS
                        ; RETURN THE EXECUTION TO THE COMMAND AFTER THE MOST RECENT
                        ; 'GOSUB'.  IF 'STKGOS' IS ZERO, IT INDICATES THAT WE
                        ; NEVER HAD A 'GOSUB' AND IS THUS AN ERROR.
                        ;
01BF  CD 1906           GOSUB:  CALL PUSHA                      ;SAVE THE CURRENT "FOR"
01C2  DF                        RST  3                          ;PARAMETERS
01C3  D5                        PUSH D                          ;AND TEXT POINTER
01C4  CD 3805                   CALL FNDLN                      ;FIND THE TARGET LINE
01C7  C2 A000                   JNZ  AHOW                       ;NOT THERE. SAY "HOW?"
01CA  2A 0180                   LHLD CURRNT                     ;FOUND IT, SAVE OLD
01CD  E5                        PUSH H                          ;'CURRNT' OLD 'STKGOS'
01CE  2A 0380                   LHLD STKGOS
01D1  E5                        PUSH H
01D2  21 0000                   LXI  H,0                        ;AND LOAD NEW ONES
01D5  22 0980                   SHLD LOPVAR
01D8  39                        DAD  SP
01D9  22 0380                   SHLD STKGOS
01DC  C3 5001                   JMP  RUNTSL                     ;THEN RUN THAT LINE
01DF  CD C204           RETURN: CALL ENDCHK                     ;THERE MUST BE A CR
01E2  2A 0380                   LHLD STKGOS                     ;OLD STACK POINTER
01E5  7C                        MOV  A,H                        ;0 MEANS NOT EXIST
01E6  B5                        ORA  L
01E7  CA C604                   JZ   QWHAT                      ;SO, WE SAY: "WHAT?"
01EA  F9                        SPHL                            ;ELSE, RESTORE IT
01EB  E1                        POP  H
01EC  22 0380                   SHLD STKGOS                     ;AND THE OLD 'STKGOS'
01EF  E1                        POP  H
01F0  22 0180                   SHLD CURRNT                     ;AND THE OLD 'CURRNT'
01F3  D1                        POP  D                          ;OLD TEXT POINTER
01F4  CD FD05                   CALL POPA                       ;OLD "FOR" PARAMETERS
01F7  F7                        RST  6                          ;AND WE ARE BACK HOME
                        ;
                        ;*************************************************************
                        ;
                        ; *** FOR *** & NEXT ***
                        ;
                        ; 'FOR' HAS TWO FORMS:
                        ; 'FOR VAR=EXP1 TO EXP2 STEP EXP3' AND 'FOR VAR=EXP1 TO EXP2'
                        ; THE SECOND FORM MEANS THE SAME THING AS THE FIRST FORM WITH
                        ; EXP3=1.  (I.E., WITH A STEP OF +1.)
                        ; TBI WILL FIND THE VARIABLE VAR, AND SET ITS VALUE TO THE
                        ; CURRENT VALUE OF EXP1.  IT ALSO EVALUATES EXP2 AND EXP3
                        ; AND SAVE ALL THESE TOGETHER WITH THE TEXT POINTER ETC. IN
                        ; THE 'FOR' SAVE AREA, WHICH CONSISTS OF 'LOPVAR', 'LOPINC',
                        ; 'LOPLMT', 'LOPLN', AND 'LOPPT'.  IF THERE IS ALREADY SOME-
                        ; THING IN THE SAVE AREA (THIS IS INDICATED BY A NON-ZERO
                        ; 'LOPVAR'), THEN THE OLD SAVE AREA IS SAVED IN THE STACK
                        ; BEFORE THE NEW ONE OVERWRITES IT.
                        ; TBI WILL THEN DIG IN THE STACK AND FIND OUT IF THIS SAME
                        ; VARIABLE WAS USED IN ANOTHER CURRENTLY ACTIVE 'FOR' LOOP.
                        ; IF THAT IS THE CASE, THEN THE OLD 'FOR' LOOP IS DEACTIVATED.
                        ; (PURGED FROM THE STACK..)
                        ;
                        ; 'NEXT VAR' SERVES AS THE LOGICAL (NOT NECESSARILLY PHYSICAL)
                        ; END OF THE 'FOR' LOOP.  THE CONTROL VARIABLE VAR. IS CHECKED
                        ; WITH THE 'LOPVAR'.  IF THEY ARE NOT THE SAME, TBI DIGS IN
                        ; THE STACK TO FIND THE RIGHT ONE AND PURGES ALL THOSE THAT
                        ; DID NOT MATCH.  EITHER WAY, TBI THEN ADDS THE 'STEP' TO
                        ; THAT VARIABLE AND CHECK THE RESULT WITH THE LIMIT.  IF IT
                        ; IS WITHIN THE LIMIT, CONTROL LOOPS BACK TO THE COMMAND
                        ; FOLLOWING THE 'FOR'.  IF OUTSIDE THE LIMIT, THE SAVE AREA
                        ; IS PURGED AND EXECUTION CONTINUES.
                        ;
01F8  CD 1906           FOR:    CALL PUSHA                      ;SAVE THE OLD SAVE AREA
01FB  CD A004                   CALL SETVAL                     ;SET THE CONTROL VAR.
01FE  2B                        DCX  H                          ;HL IS ITS ADDRESS
01FF  22 0980                   SHLD LOPVAR                     ;SAVE THAT
0202  21 0C07                   LXI  H,TAB5-1                   ;USE 'EXEC' TO LOOK
0205  C3 3407                   JMP  EXEC                       ;FOR THE WORD 'TO'
0208  DF                FR1:    RST  3                          ;EVALUATE THE LIMIT
0209  22 0D80                   SHLD LOPLMT                     ;SAVE THAT
020C  21 1207                   LXI  H,TAB6-1                   ;USE 'EXEC' TO LOOK
020F  C3 3407                   JMP EXEC                        ;FOR THE WORD 'STEP'
0212  DF                FR2:    RST  3                          ;FOUND IT, GET STEP
0213  C3 1902                   JMP  FR4
0216  21 0100           FR3:    LXI  H,1H                       ;NOT FOUND, SET TO 1
0219  22 0B80           FR4:    SHLD LOPINC                     ;SAVE THAT TOO
021C  2A 0180           FR5:    LHLD CURRNT                     ;SAVE CURRENT LINE #
021F  22 0F80                   SHLD LOPLN
0222  EB                        XCHG                            ;AND TEXT POINTER
0223  22 1180                   SHLD LOPPT
0226  01 0A00                   LXI  B,0AH                      ;DIG INTO STACK TO
0229  2A 0980                   LHLD LOPVAR                     ;FIND 'LOPVAR'
022C  EB                        XCHG
022D  60                        MOV  H,B
022E  68                        MOV  L,B                        ;HL=0 NOW
022F  39                        DAD  SP                         ;HERE IS THE STACK
0230  3E                        DB   3EH
0231  09                FR7:    DAD  B                          ;EACH LEVEL IS 10 DEEP
0232  7E                        MOV  A,M                        ;GET THAT OLD 'LOPVAR'
0233  23                        INX  H
0234  B6                        ORA  M
0235  CA 5202                   JZ   FR8                        ;0 SAYS NO MORE IN IT
0238  7E                        MOV  A,M
0239  2B                        DCX  H
023A  BA                        CMP  D                          ;SAME AS THIS ONE?
023B  C2 3102                   JNZ  FR7
023E  7E                        MOV  A,M                        ;THE OTHER HALF?
023F  BB                        CMP  E
0240  C2 3102                   JNZ  FR7
0243  EB                        XCHG                            ;YES, FOUND ONE
0244  21 0000                   LXI  H,0H
0247  39                        DAD  SP                         ;TRY TO MOVE SP
0248  44                        MOV  B,H
0249  4D                        MOV  C,L
024A  21 0A00                   LXI  H,0AH
024D  19                        DAD  D
024E  CD EE05                   CALL MVDOWN                     ;AND PURGE 10 WORDS
0251  F9                        SPHL                            ;IN THE STACK
0252  2A 1180           FR8:    LHLD LOPPT                      ;JOB DONE, RESTORE DE
0255  EB                        XCHG
0256  F7                        RST  6                          ;AND CONTINUE
                        ;
0257  FF                NEXT:   RST  7                          ;GET ADDRESS OF VAR.
0258  DA C604                   JC   QWHAT                      ;NO VARIABLE, "WHAT?"
025B  22 0580                   SHLD VARNXT                     ;YES, SAVE IT
025E  D5                NX0:    PUSH D                          ;SAVE TEXT POINTER
025F  EB                        XCHG
0260  2A 0980                   LHLD LOPVAR                     ;GET VAR. IN 'FOR'
0263  7C                        MOV  A,H
0264  B5                        ORA  L                          ;0 SAYS NEVER HAD ONE
0265  CA C704                   JZ   AWHAT                      ;SO WE ASK: "WHAT?"
0268  E7                        RST  4                          ;ELSE WE CHECK THEM
0269  CA 7602                   JZ   NX3                        ;OK, THEY AGREE
026C  D1                        POP  D                          ;NO, LET'S SEE
026D  CD FD05                   CALL POPA                       ;PURGE CURRENT LOOP
0270  2A 0580                   LHLD VARNXT                     ;AND POP ONE LEVEL
0273  C3 5E02                   JMP  NX0                        ;GO CHECK AGAIN
0276  5E                NX3:    MOV  E,M                        ;COME HERE WHEN AGREED
0277  23                        INX  H
0278  56                        MOV  D,M                        ;DE=VALUE OF VAR.
0279  2A 0B80                   LHLD LOPINC
027C  E5                        PUSH H
027D  7C                        MOV  A,H
027E  AA                        XRA  D
027F  7A                        MOV  A,D
0280  19                        DAD  D                          ;ADD ONE STEP
0281  FA 8802                   JM   NX4
0284  AC                        XRA  H
0285  FA AA02                   JM   NX5
0288  EB                NX4:    XCHG
0289  2A 0980                   LHLD LOPVAR                     ;PUT IT BACK
028C  73                        MOV  M,E
028D  23                        INX  H
028E  72                        MOV  M,D
028F  2A 0D80                   LHLD LOPLMT                     ;HL->LIMIT
0292  F1                        POP  PSW                        ;OLD HL
0293  B7                        ORA  A
0294  F2 9802                   JP   NX1                        ;STEP > 0
0297  EB                        XCHG                            ;STEP < 0
0298  CD 9804           NX1:    CALL CKHLDE                     ;COMPARE WITH LIMIT
029B  D1                        POP  D                          ;RESTORE TEXT POINTER
029C  DA AC02                   JC   NX2                        ;OUTSIDE LIMIT
029F  2A 0F80                   LHLD LOPLN                      ;WITHIN LIMIT, GO
02A2  22 0180                   SHLD CURRNT                     ;BACK TO THE SAVED
02A5  2A 1180                   LHLD LOPPT                      ;'CURRNT' AND TEXT
02A8  EB                        XCHG                            ;POINTER
02A9  F7                        RST  6
02AA  E1                NX5:    POP  H
02AB  D1                        POP  D
02AC  CD FD05           NX2:    CALL POPA                       ;PURGE THIS LOOP
02AF  F7                        RST  6
                        ;
                        ;*************************************************************
                        ;
                        ; *** REM *** IF *** INPUT *** & LET (& DEFLT) ***
                        ;
                        ; 'REM' CAN BE FOLLOWED BY ANYTHING AND IS IGNORED BY TBI.
                        ; TBI TREATS IT LIKE AN 'IF' WITH A FALSE CONDITION.
                        ;
                        ; 'IF' IS FOLLOWED BY AN EXPR. AS A CONDITION AND ONE OR MORE
                        ; COMMANDS (INCLUDING OTHER 'IF'S) SEPERATED BY SEMI-COLONS.
                        ; NOTE THAT THE WORD 'THEN' IS NOT USED.  TBI EVALUATES THE
                        ; EXPR. IF IT IS NON-ZERO, EXECUTION CONTINUES.  IF THE
                        ; EXPR. IS ZERO, THE COMMANDS THAT FOLLOWS ARE IGNORED AND
                        ; EXECUTION CONTINUES AT THE NEXT LINE.
                        ;
                        ; 'INPUT' COMMAND IS LIKE THE 'PRINT' COMMAND, AND IS FOLLOWED
                        ; BY A LIST OF ITEMS.  IF THE ITEM IS A STRING IN SINGLE OR
                        ; DOUBLE QUOTES, OR IS A BACK-ARROW, IT HAS THE SAME EFFECT AS
                        ; IN 'PRINT'.  IF AN ITEM IS A VARIABLE, THIS VARIABLE NAME IS
                        ; PRINTED OUT FOLLOWED BY A COLON.  THEN TBI WAITS FOR AN
                        ; EXPR. TO BE TYPED IN.  THE VARIABLE IS THEN SET TO THE
                        ; VALUE OF THIS EXPR.  IF THE VARIABLE IS PROCEDED BY A STRING
                        ; (AGAIN IN SINGLE OR DOUBLE QUOTES), THE STRING WILL BE
                        ; PRINTED FOLLOWED BY A COLON.  TBI THEN WAITS FOR INPUT EXPR.
                        ; AND SET THE VARIABLE TO THE VALUE OF THE EXPR.
                        ;
                        ; IF THE INPUT EXPR. IS INVALID, TBI WILL PRINT "WHAT?",
                        ; "HOW?" OR "SORRY" AND REPRINT THE PROMPT AND REDO THE INPUT.
                        ; THE EXECUTION WILL NOT TERMINATE UNLESS YOU TYPE CONTROL-C.
                        ; THIS IS HANDLED IN 'INPERR'.
                        ;
                        ; 'LET' IS FOLLOWED BY A LIST OF ITEMS SEPERATED BY COMMAS.
                        ; EACH ITEM CONSISTS OF A VARIABLE, AN EQUAL SIGN, AND AN EXPR.
                        ; TBI EVALUATES THE EXPR. AND SET THE VARIABLE TO THAT VALUE.
                        ; TBI WILL ALSO HANDLE 'LET' COMMAND WITHOUT THE WORD 'LET'.
                        ; THIS IS DONE BY 'DEFLT'.
                        ;
02B0  21 0000           REM:    LXI  H,0H                       ;*** REM ***
02B3  3E                        DB   3EH                        ;THIS IS LIKE 'IF 0'
                        ;
02B4  DF                IFF:    RST  3                          ;*** IF ***
02B5  7C                        MOV  A,H                        ;IS THE EXPR.=0?
02B6  B5                        ORA  L
02B7  C2 5701                   JNZ  RUNSML                     ;NO, CONTINUE
02BA  CD 5605                   CALL FNDSKP                     ;YES, SKIP REST OF LINE
02BD  D2 5001                   JNC  RUNTSL                     ;AND RUN THE NEXT LINE
02C0  C3 BA00                   JMP  RSTART                     ;IF NO NEXT, RE-START
                        ;
02C3  2A 0780           INPERR: LHLD STKINP                     ;*** INPERR ***
02C6  F9                        SPHL                            ;RESTORE OLD SP
02C7  E1                        POP  H                          ;AND OLD 'CURRNT'
02C8  22 0180                   SHLD CURRNT
02CB  D1                        POP  D                          ;AND OLD TEXT POINTER
02CC  D1                        POP  D                          ;REDO INPUT
                        ;
02CD                    INPUT:                                  ;*** INPUT ***
02CD  D5                IP1:    PUSH D                          ;SAVE IN CASE OF ERROR
02CE  CD 6C05                   CALL QTSTG                      ;IS NEXT ITEM A STRING?
02D1  C3 DB02                   JMP  IP2                        ;NO
02D4  FF                        RST  7                          ;YES, BUT FOLLOWED BY A
02D5  DA 1503                   JC   IP4                        ;VARIABLE?   NO.
02D8  C3 EB02                   JMP  IP3                        ;YES.  INPUT VARIABLE
02DB  D5                IP2:    PUSH D                          ;SAVE FOR 'PRTSTG'
02DC  FF                        RST  7                          ;MUST BE VARIABLE NOW
02DD  DA C604                   JC   QWHAT                      ;"WHAT?" IT IS NOT?
02E0  1A                        LDAX D                          ;GET READY FOR 'PRTSTR'
02E1  4F                        MOV  C,A
02E2  97                        SUB  A
02E3  12                        STAX D
02E4  D1                        POP  D
02E5  CD 6005                   CALL PRTSTG                     ;PRINT STRING AS PROMPT
02E8  79                        MOV  A,C                        ;RESTORE TEXT
02E9  1B                        DCX  D
02EA  12                        STAX D
02EB  D5                IP3:    PUSH D                          ;SAVE TEXT POINTER
02EC  EB                        XCHG
02ED  2A 0180                   LHLD CURRNT                     ;ALSO SAVE 'CURRNT'
02F0  E5                        PUSH H
02F1  21 CD02                   LXI  H,IP1                      ;A NEGATIVE NUMBER
02F4  22 0180                   SHLD CURRNT                     ;AS A FLAG
02F7  21 0000                   LXI  H,0H                       ;SAVE SP TOO
02FA  39                        DAD  SP
02FB  22 0780                   SHLD STKINP
02FE  D5                        PUSH D                          ;OLD HL
02FF  3E 3A                     MVI  A,3AH                      ;PRINT THIS TOO
0301  CD FA04                   CALL GETLN                      ;AND GET A LINE
0304  11 37FE                   LXI  D,BUFFER                   ;POINTS TO BUFFER
0307  DF                        RST  3                          ;EVALUATE INPUT
0308  00                        NOP                             ;CAN BE 'CALL ENDCHK'
0309  00                        NOP
030A  00                        NOP
030B  D1                        POP  D                          ;OK, GET OLD HL
030C  EB                        XCHG
030D  73                        MOV  M,E                        ;SAVE VALUE IN VAR.
030E  23                        INX  H
030F  72                        MOV  M,D
0310  E1                        POP  H                          ;GET OLD 'CURRNT'
0311  22 0180                   SHLD CURRNT
0314  D1                        POP  D                          ;AND OLD TEXT POINTER
0315  F1                IP4:    POP  PSW                        ;PURGE JUNK IN STACK
0316  CF                        RST  1                          ;IS NEXT CH. ','?
0317  2C                        DB   ','
0318  03                        DB   IP5-$-1
0319  C3 CD02                   JMP  IP1                        ;YES, MORE ITEMS.
031C  F7                IP5:    RST  6
                        ;
031D  1A                DEFLT:  LDAX D                          ;***  DEFLT ***
031E  FE 0D                     CPI  CR                         ;EMPTY LINE IS OK
0320  CA 2C03                   JZ   LT1                        ;ELSE IT IS 'LET'
                        ;
0323  CD A004           LET:    CALL SETVAL                     ;*** LET ***
0326  CF                        RST  1                          ;SET VALUE TO VAR.
0327  2C                        DB   ','
0328  03                        DB   LT1-$-1
0329  C3 2303                   JMP  LET                        ;ITEM BY ITEM
032C  F7                LT1:    RST  6                          ;UNTIL FINISH
                        ;
                        ;*************************************************************
                        ;
                        ; *** EXPR ***
                        ;
                        ; 'EXPR' EVALUATES ARITHMETICAL OR LOGICAL EXPRESSIONS.
                        ; <EXPR>::<EXPR2>
                        ;         <EXPR2><REL.OP.><EXPR2>
                        ; WHERE <REL.OP.> IS ONE OF THE OPERATORS IN TAB8 AND THE
                        ; RESULT OF THESE OPERATIONS IS 1 IF TRUE AND 0 IF FALSE.
                        ; <EXPR2>::=(+ OR -)<EXPR3>(+ OR -<EXPR3>)(....)
                        ; WHERE () ARE OPTIONAL AND (....) ARE OPTIONAL REPEATS.
                        ; <EXPR3>::=<EXPR4>(* OR /><EXPR4>)(....)
                        ; <EXPR4>::=<VARIABLE>
                        ;           <FUNCTION>
                        ;           (<EXPR>)
                        ; <EXPR> IS RECURSIVE SO THAT VARIABLE '@' CAN HAVE AN <EXPR>
                        ; AS INDEX, FUNCTIONS CAN HAVE AN <EXPR> AS ARGUMENTS, AND
                        ; <EXPR4> CAN BE AN <EXPR> IN PARANTHESE.
                        ;
                        ;EXPR:  CALL EXPR2                      ;THIS IS AT LOC. 18
                        ;       PUSH H                          ;SAVE <EXPR2> VALUE
032D  21 1A07           EXPR1:  LXI  H,TAB8-1                   ;LOOKUP REL.OP.
0330  C3 3407                   JMP  EXEC                       ;GO DO IT
0333  CD 5C03           XP11:   CALL XP18                       ;REL.OP.">="
0336  D8                        RC                              ;NO, RETURN HL=0
0337  6F                        MOV  L,A                        ;YES, RETURN HL=1
0338  C9                        RET
0339  CD 5C03           XP12:   CALL XP18                       ;REL.OP."#"
033C  C8                        RZ                              ;FALSE, RETURN HL=0
033D  6F                        MOV  L,A                        ;TRUE, RETURN HL=1
033E  C9                        RET
033F  CD 5C03           XP13:   CALL XP18                       ;REL.OP.">"
0342  C8                        RZ                              ;FALSE
0343  D8                        RC                              ;ALSO FALSE, HL=0
0344  6F                        MOV  L,A                        ;TRUE, HL=1
0345  C9                        RET
0346  CD 5C03           XP14:   CALL XP18                       ;REL.OP."<="
0349  6F                        MOV  L,A                        ;SET HL=1
034A  C8                        RZ                              ;REL. TRUE, RETURN
034B  D8                        RC
034C  6C                        MOV  L,H                        ;ELSE SET HL=0
034D  C9                        RET
034E  CD 5C03           XP15:   CALL XP18                       ;REL.OP."="
0351  C0                        RNZ                             ;FALSE, RETURN HL=0
0352  6F                        MOV  L,A                        ;ELSE SET HL=1
0353  C9                        RET
0354  CD 5C03           XP16:   CALL XP18                       ;REL.OP."<"
0357  D0                        RNC                             ;FALSE, RETURN HL=0
0358  6F                        MOV  L,A                        ;ELSE SET HL=1
0359  C9                        RET
035A  E1                XP17:   POP  H                          ;NOT .REL.OP
035B  C9                        RET                             ;RETURN HL=<EXPR2>
035C  79                XP18:   MOV  A,C                        ;SUBROUTINE FOR ALL
035D  E1                        POP  H                          ;REL.OP.'S
035E  C1                        POP  B
035F  E5                        PUSH H                          ;REVERSE TOP OF STACK
0360  C5                        PUSH B
0361  4F                        MOV  C,A
0362  CD 7103                   CALL EXPR2                      ;GET 2ND <EXPR2>
0365  EB                        XCHG                            ;VALUE IN DE NOW
0366  E3                        XTHL                            ;1ST <EXPR2> IN HL
0367  CD 9804                   CALL CKHLDE                     ;COMPARE 1ST WITH 2ND
036A  D1                        POP  D                          ;RESTORE TEXT POINTER
036B  21 0000                   LXI  H,0H                       ;SET HL=0, A=1
036E  3E 01                     MVI  A,1
0370  C9                        RET
                        ;
0371  CF                EXPR2:  RST  1                          ;NEGATIVE SIGN?
0372  2D                        DB   '-'
0373  06                        DB   XP21-$-1
0374  21 0000                   LXI  H,0H                       ;YES, FAKE '0-'
0377  C3 9B03                   JMP  XP26                       ;TREAT LIKE SUBTRACT
037A  CF                XP21:   RST  1                          ;POSITIVE SIGN? IGNORE
037B  2B                        DB   '+'
037C  00                        DB   XP22-$-1
037D  CD A503           XP22:   CALL EXPR3                      ;1ST <EXPR3>
0380  CF                XP23:   RST  1                          ;ADD?
0381  2B                        DB   '+'
0382  15                        DB   XP25-$-1
0383  E5                        PUSH H                          ;YES, SAVE VALUE
0384  CD A503                   CALL EXPR3                      ;GET 2ND <EXPR3>
0387  EB                XP24:   XCHG                            ;2ND IN DE
0388  E3                        XTHL                            ;1ST IN HL
0389  7C                        MOV  A,H                        ;COMPARE SIGN
038A  AA                        XRA  D
038B  7A                        MOV  A,D
038C  19                        DAD  D
038D  D1                        POP  D                          ;RESTORE TEXT POINTER
038E  FA 8003                   JM   XP23                       ;1ST AND 2ND SIGN DIFFER
0391  AC                        XRA  H                          ;1ST AND 2ND SIGN EQUAL
0392  F2 8003                   JP   XP23                       ;SO IS RESULT
0395  C3 9F00                   JMP  QHOW                       ;ELSE WE HAVE OVERFLOW
0398  CF                XP25:   RST  1                          ;SUBTRACT?
0399  2D                        DB   '-'
039A  86                        DB   XP42-$-1
039B  E5                XP26:   PUSH H                          ;YES, SAVE 1ST <EXPR3>
039C  CD A503                   CALL EXPR3                      ;GET 2ND <EXPR3>
039F  CD 8604                   CALL CHGSGN                     ;NEGATE
03A2  C3 8703                   JMP  XP24                       ;AND ADD THEM
                        ;
03A5  CD 0504           EXPR3:  CALL EXPR4                      ;GET 1ST <EXPR4>
03A8  CF                XP31:   RST  1                          ;MULTIPLY?
03A9  2A                        DB   '*'
03AA  2D                        DB   XP34-$-1
03AB  E5                        PUSH H                          ;YES, SAVE 1ST
03AC  CD 0504                   CALL EXPR4                      ;AND GET 2ND <EXPR4>
03AF  06 00                     MVI  B,0H                       ;CLEAR B FOR SIGN
03B1  CD 8304                   CALL CHKSGN                     ;CHECK SIGN
03B4  E3                        XTHL                            ;1ST IN HL
03B5  CD 8304                   CALL CHKSGN                     ;CHECK SIGN OF 1ST
03B8  EB                        XCHG
03B9  E3                        XTHL
03BA  7C                        MOV  A,H                        ;IS HL > 255 ?
03BB  B7                        ORA  A
03BC  CA C503                   JZ   XP32                       ;NO
03BF  7A                        MOV  A,D                        ;YES, HOW ABOUT DE
03C0  B2                        ORA  D
03C1  EB                        XCHG                            ;PUT SMALLER IN HL
03C2  C2 A000                   JNZ  AHOW                       ;ALSO >, WILL OVERFLOW
03C5  7D                XP32:   MOV  A,L                        ;THIS IS DUMB
03C6  21 0000                   LXI  H,0H                       ;CLEAR RESULT
03C9  B7                        ORA  A                          ;ADD AND COUNT
03CA  CA F703                   JZ   XP35
03CD  19                XP33:   DAD  D
03CE  DA A000                   JC   AHOW                       ;OVERFLOW
03D1  3D                        DCR  A
03D2  C2 CD03                   JNZ  XP33
03D5  C3 F703                   JMP  XP35                       ;FINISHED
03D8  CF                XP34:   RST  1                          ;DIVIDE?
03D9  2F                        DB   '/'
03DA  46                        DB   XP42-$-1
03DB  E5                        PUSH H                          ;YES, SAVE 1ST <EXPR4>
03DC  CD 0504                   CALL EXPR4                      ;AND GET THE SECOND ONE
03DF  06 00                     MVI  B,0H                       ;CLEAR B FOR SIGN
03E1  CD 8304                   CALL CHKSGN                     ;CHECK SIGN OF 2ND
03E4  E3                        XTHL                            ;GET 1ST IN HL
03E5  CD 8304                   CALL CHKSGN                     ;CHECK SIGN OF 1ST
03E8  EB                        XCHG
03E9  E3                        XTHL
03EA  EB                        XCHG
03EB  7A                        MOV  A,D                        ;DIVIDE BY 0?
03EC  B3                        ORA  E
03ED  CA A000                   JZ   AHOW                       ;SAY "HOW?"
03F0  C5                        PUSH B                          ;ELSE SAVE SIGN
03F1  CD 6604                   CALL DIVIDE                     ;USE SUBROUTINE
03F4  60                        MOV  H,B                        ;RESULT IN HL NOW
03F5  69                        MOV  L,C
03F6  C1                        POP  B                          ;GET SIGN BACK
03F7  D1                XP35:   POP  D                          ;AND TEXT POINTER
03F8  7C                        MOV  A,H                        ;HL MUST BE +
03F9  B7                        ORA  A
03FA  FA 9F00                   JM   QHOW                       ;ELSE IT IS OVERFLOW
03FD  78                        MOV  A,B
03FE  B7                        ORA  A
03FF  FC 8604                   CM   CHGSGN                     ;CHANGE SIGN IF NEEDED
0402  C3 A803                   JMP  XP31                       ;LOOK FOR MORE TERMS
                        ;
0405  21 FA06           EXPR4:  LXI  H,TAB4-1                   ;FIND FUNCTION IN TAB4
0408  C3 3407                   JMP  EXEC                       ;AND GO DO IT
040B  FF                XP40:   RST  7                          ;NO, NOT A FUNCTION
040C  DA 1404                   JC   XP41                       ;NOR A VARIABLE
040F  7E                        MOV  A,M                        ;VARIABLE
0410  23                        INX  H
0411  66                        MOV  H,M                        ;VALUE IN HL
0412  6F                        MOV  L,A
0413  C9                        RET
0414  CD 7700           XP41:   CALL TSTNUM                     ;OR IS IT A NUMBER
0417  78                        MOV  A,B                        ;# OF DIGIT
0418  B7                        ORA  A
0419  C0                        RNZ                             ;OK
041A  CF                PARN:   RST  1
041B  28                        DB   '('
041C  05                        DB   XP43-$-1
041D  DF                        RST  3                          ;"(EXPR)"
041E  CF                        RST  1
041F  29                        DB   ')'
0420  01                        DB   XP43-$-1
0421  C9                XP42:   RET
0422  C3 C604           XP43:   JMP  QWHAT                      ;ELSE SAY: "WHAT?"
                        ;
0425  CD 1A04           RND:    CALL PARN                       ;*** RND(EXPR) ***
0428  7C                        MOV  A,H                        ;EXPR MUST BE +
0429  B7                        ORA  A
042A  FA 9F00                   JM   QHOW
042D  B5                        ORA  L                          ;AND NON-ZERO
042E  CA 9F00                   JZ   QHOW
0431  D5                        PUSH D                          ;SAVE BOTH
0432  E5                        PUSH H
0433  2A 1380                   LHLD RANPNT                     ;GET MEMORY AS RANDOM
0436  11 B507                   LXI  D,LSTROM                   ;NUMBER
0439  E7                        RST  4
043A  DA 4004                   JC   RA1                        ;WRAP AROUND IF LAST
043D  21 0000                   LXI  H,START
0440  5E                RA1:    MOV  E,M
0441  23                        INX  H
0442  56                        MOV  D,M
0443  22 1380                   SHLD RANPNT
0446  E1                        POP  H
0447  EB                        XCHG
0448  C5                        PUSH B
0449  CD 6604                   CALL DIVIDE                     ;RND(N)=MOD(M,N)+1
044C  C1                        POP  B
044D  D1                        POP  D
044E  23                        INX  H
044F  C9                        RET
                        ;
0450  CD 1A04           ABS:    CALL PARN                       ;*** ABS(EXPR) ***
0453  1B                        DCX  D
0454  CD 8304                   CALL CHKSGN                     ;CHECK SIGN
0457  13                        INX  D
0458  C9                        RET
                        ;
0459  2A 1580           SIZE:   LHLD TXTUNF                     ;*** SIZE ***
045C  D5                        PUSH D                          ;GET THE NUMBER OF FREE
045D  EB                        XCHG                            ;BYTES BETWEEN 'TXTUNF'
045E  21 00FE                   LXI  H,VARBGN                   ;AND 'VARBGN'
0461  CD 7C04                   CALL SUBDE
0464  D1                        POP  D
0465  C9                        RET
                        ;
                        ;*************************************************************
                        ;
                        ; *** DIVIDE *** SUBDE *** CHKSGN *** CHGSGN *** & CKHLDE ***
                        ;
                        ; 'DIVIDE' DIVIDES HL BY DE, RESULT IN BC, REMAINDER IN HL
                        ;
                        ; 'SUBDE' SUBSTRACTS DE FROM HL
                        ;
                        ; 'CHKSGN' CHECKS SIGN OF HL.  IF +, NO CHANGE.  IF -, CHANGE
                        ; SIGN AND FLIP SIGN OF B.
                        ;
                        ; 'CHGSGN' CHECKS SIGN N OF HL AND B UNCONDITIONALLY.
                        ;
                        ; 'CKHLDE' CHECKS SIGN OF HL AND DE.  IF DIFFERENT, HL AND DE
                        ; ARE INTERCHANGED.  IF SAME SIGN, NOT INTERCHANGED.  EITHER
                        ; CASE, HL DE ARE THEN COMPARED TO SET THE FLAGS.
                        ;
0466  E5                DIVIDE: PUSH H                          ;*** DIVIDE ***
0467  6C                        MOV  L,H                        ;DIVIDE H BY DE
0468  26 00                     MVI  H,0
046A  CD 7104                   CALL DV1
046D  41                        MOV  B,C                        ;SAVE RESULT IN B
046E  7D                        MOV  A,L                        ;(REMINDER+L)/DE
046F  E1                        POP  H
0470  67                        MOV  H,A
0471  0E FF             DV1:    MVI  C,0FFH                     ;RESULT IN C
0473  0C                DV2:    INR  C                          ;DUMB ROUTINE
0474  CD 7C04                   CALL SUBDE                      ;DIVIDE BY SUBTRACT
0477  D2 7304                   JNC  DV2                        ;AND COUNT
047A  19                        DAD  D
047B  C9                        RET
                        ;
047C  7D                SUBDE:  MOV  A,L                        ;*** SUBDE ***
047D  93                        SUB  E                          ;SUBSTRACT DE FROM
047E  6F                        MOV  L,A                        ;HL
047F  7C                        MOV  A,H
0480  9A                        SBB  D
0481  67                        MOV  H,A
0482  C9                        RET
                        ;
0483  7C                CHKSGN: MOV  A,H                        ;*** CHKSGN ***
0484  B7                        ORA  A                          ;CHECK SIGN OF HL
0485  F0                        RP                              ;IF -, CHANGE SIGN
                        ;
0486  7C                CHGSGN: MOV  A,H                        ;*** CHGSGN ***
0487  F5                        PUSH PSW
0488  2F                        CMA                             ;CHANGE SIGN OF HL
0489  67                        MOV  H,A
048A  7D                        MOV  A,L
048B  2F                        CMA
048C  6F                        MOV  L,A
048D  23                        INX  H
048E  F1                        POP  PSW
048F  AC                        XRA  H
0490  F2 9F00                   JP   QHOW
0493  78                        MOV  A,B                        ;AND ALSO FLIP B
0494  EE 80                     XRI  80H
0496  47                        MOV  B,A
0497  C9                        RET
                        ;
0498  7C                CKHLDE: MOV  A,H
0499  AA                        XRA  D                          ;SAME SIGN?
049A  F2 9E04                   JP   CK1                        ;YES, COMPARE
049D  EB                        XCHG                            ;NO, XCH AND COMP
049E  E7                CK1:    RST  4
049F  C9                        RET
                        ;
                        ;*************************************************************
                        ;
                        ; *** SETVAL *** FIN *** ENDCHK *** & ERROR (& FRIENDS) ***
                        ;
                        ; "SETVAL" EXPECTS A VARIABLE, FOLLOWED BY AN EQUAL SIGN AND
                        ; THEN AN EXPR.  IT EVALUATES THE EXPR. AND SET THE VARIABLE
                        ; TO THAT VALUE.
                        ;
                        ; "FIN" CHECKS THE END OF A COMMAND.  IF IT ENDED WITH ";",
                        ; EXECUTION CONTINUES.  IF IT ENDED WITH A CR, IT FINDS THE
                        ; NEXT LINE AND CONTINUE FROM THERE.
                        ;
                        ; "ENDCHK" CHECKS IF A COMMAND IS ENDED WITH CR.  THIS IS
                        ; REQUIRED IN CERTAIN COMMANDS.  (GOTO, RETURN, AND STOP ETC.)
                        ;
                        ; "ERROR" PRINTS THE STRING POINTED BY DE (AND ENDS WITH CR).
                        ; IT THEN PRINTS THE LINE POINTED BY 'CURRNT' WITH A "?"
                        ; INSERTED AT WHERE THE OLD TEXT POINTER (SHOULD BE ON TOP
                        ; OF THE STACK) POINTS TO.  EXECUTION OF TB IS STOPPED
                        ; AND TBI IS RESTARTED.  HOWEVER, IF 'CURRNT' -> ZERO
                        ; (INDICATING A DIRECT COMMAND), THE DIRECT COMMAND IS NOT
                        ; PRINTED.  AND IF 'CURRNT' -> NEGATIVE # (INDICATING 'INPUT'
                        ; COMMAND), THE INPUT LINE IS NOT PRINTED AND EXECUTION IS
                        ; NOT TERMINATED BUT CONTINUED AT 'INPERR'.
                        ;
                        ; RELATED TO 'ERROR' ARE THE FOLLOWING:
                        ; 'QWHAT' SAVES TEXT POINTER IN STACK AND GET MESSAGE "WHAT?"
                        ; 'AWHAT' JUST GET MESSAGE "WHAT?" AND JUMP TO 'ERROR'.
                        ; 'QSORRY' AND 'ASORRY' DO SAME KIND OF THING.
                        ; 'AHOW' AND 'AHOW' IN THE ZERO PAGE SECTION ALSO DO THIS.
                        ;
04A0  FF                SETVAL: RST  7                          ;*** SETVAL ***
04A1  DA C604                   JC   QWHAT                      ;"WHAT?" NO VARIABLE
04A4  E5                        PUSH H                          ;SAVE ADDRESS OF VAR.
04A5  CF                        RST  1                          ;PASS "=" SIGN
04A6  3D                        DB   '='
04A7  08                        DB   SV1-$-1
04A8  DF                        RST  3                          ;EVALUATE EXPR.
04A9  44                        MOV  B,H                        ;VALUE IS IN BC NOW
04AA  4D                        MOV  C,L
04AB  E1                        POP  H                          ;GET ADDRESS
04AC  71                        MOV  M,C                        ;SAVE VALUE
04AD  23                        INX  H
04AE  70                        MOV  M,B
04AF  C9                        RET
04B0  C3 C604           SV1:    JMP  QWHAT                      ;NO "=" SIGN
                        ;
04B3  CF                FIN:    RST  1                          ;*** FIN ***
04B4  3B                        DB   3BH
04B5  04                        DB   FI1-$-1
04B6  F1                        POP  PSW                        ;";", PURGE RET. ADDR.
04B7  C3 5701                   JMP  RUNSML                     ;CONTINUE SAME LINE
04BA  CF                FI1:    RST  1                          ;NOT ";", IS IT CR?
04BB  0D                        DB   CR
04BC  04                        DB   FI2-$-1
04BD  F1                        POP  PSW                        ;YES, PURGE RET. ADDR.
04BE  C3 4701                   JMP  RUNNXL                     ;RUN NEXT LINE
04C1  C9                FI2:    RET                             ;ELSE RETURN TO CALLER
                        ;
04C2  EF                ENDCHK: RST  5                          ;*** ENDCHK ***
04C3  FE 0D                     CPI  CR                         ;END WITH CR?
04C5  C8                        RZ                              ;OK, ELSE SAY: "WHAT?"
                        ;
04C6  D5                QWHAT:  PUSH D                          ;*** QWHAT ***
04C7  11 AE00           AWHAT:  LXI  D,WHAT                     ;*** AWHAT ***
04CA  97                ERROR:  SUB  A                          ;*** ERROR ***
04CB  CD 6005                   CALL PRTSTG                     ;PRINT 'WHAT?', 'HOW?'
04CE  D1                        POP  D                          ;OR 'SORRY'
04CF  1A                        LDAX D                          ;SAVE THE CHARACTER
04D0  F5                        PUSH PSW                        ;AT WHERE OLD DE ->
04D1  97                        SUB  A                          ;AND PUT A 0 THERE
04D2  12                        STAX D
04D3  2A 0180                   LHLD CURRNT                     ;GET CURRENT LINE #
04D6  E5                        PUSH H
04D7  7E                        MOV  A,M                        ;CHECK THE VALUE
04D8  23                        INX  H
04D9  B6                        ORA  M
04DA  D1                        POP  D
04DB  CA BA00                   JZ   RSTART                     ;IF ZERO, JUST RESTART
04DE  7E                        MOV  A,M                        ;IF NEGATIVE,
04DF  B7                        ORA  A
04E0  FA C302                   JM   INPERR                     ;REDO INPUT
04E3  CD D205                   CALL PRTLN                      ;ELSE PRINT THE LINE
04E6  1B                        DCX  D                          ;UPTO WHERE THE 0 IS
04E7  F1                        POP  PSW                        ;RESTORE THE CHARACTER
04E8  12                        STAX D
04E9  3E 3F                     MVI  A,3FH                      ;PRINT A "?"
04EB  D7                        RST  2
04EC  97                        SUB  A                          ;AND THE REST OF THE
04ED  CD 6005                   CALL PRTSTG                     ;LINE
04F0  C3 BA00                   JMP  RSTART                     ;THEN RESTART
                        ;
04F3  D5                QSORRY: PUSH D                          ;*** QSORRY ***
04F4  11 B400           ASORRY: LXI  D,SORRY                    ;*** ASORRY ***
04F7  C3 CA04                   JMP  ERROR
                        ;
                        ;*************************************************************
                        ;
                        ; *** GETLN *** FNDLN (& FRIENDS) ***
                        ;
                        ; 'GETLN' READS A INPUT LINE INTO 'BUFFER'.  IT FIRST PROMPT
                        ; THE CHARACTER IN A (GIVEN BY THE CALLER), THEN IT FILLS
                        ; THE BUFFER AND ECHOS.  IT IGNORES LF'S AND NULLS, BUT STILL
                        ; ECHOS THEM BACK.  RUB-OUT IS USED TO CAUSE IT TO DELETE
                        ; THE LAST CHARACTER (IF THERE IS ONE), AND ALT-MOD IS USED TO
                        ; CAUSE IT TO DELETE THE WHOLE LINE AND START IT ALL OVER.
                        ; CR SIGNALS THE END OF A LINE, AND CAUSE 'GETLN' TO RETURN.
                        ;
                        ; 'FNDLN' FINDS A LINE WITH A GIVEN LINE # (IN HL) IN THE
                        ; TEXT SAVE AREA.  DE IS USED AS THE TEXT POINTER.  IF THE
                        ; LINE IS FOUND, DE WILL POINT TO THE BEGINNING OF THAT LINE
                        ; (I.E., THE LOW BYTE OF THE LINE #), AND FLAGS ARE NC & Z.
                        ; IF THAT LINE IS NOT THERE AND A LINE WITH A HIGHER LINE #
                        ; IS FOUND, DE POINTS TO THERE AND FLAGS ARE NC & NZ.  IF
                        ; WE REACHED THE END OF TEXT SAVE AREA AND CANNOT FIND THE
                        ; LINE, FLAGS ARE C & NZ.
                        ; 'FNDLN' WILL INITIALIZE DE TO THE BEGINNING OF THE TEXT SAVE
                        ; AREA TO START THE SEARCH.  SOME OTHER ENTRIES OF THIS
                        ; ROUTINE WILL NOT INITIALIZE DE AND DO THE SEARCH.
                        ; 'FNDLNP' WILL START WITH DE AND SEARCH FOR THE LINE #.
                        ; 'FNDNXT' WILL BUMP DE BY 2, FIND A CR AND THEN START SEARCH.
                        ; 'FNDSKP' USE DE TO FIND A CR, AND THEN START SEARCH.
                        ;
04FA  D7                GETLN:  RST  2                          ;*** GETLN ***
04FB  11 37FE                   LXI  D,BUFFER                   ;PROMPT AND INIT.
04FE  CD 7B06           GL1:    CALL CHKIO                      ;CHECK KEYBOARD
0501  CA FE04                   JZ   GL1                        ;NO INPUT, WAIT
0504  FE 7F                     CPI  7FH                        ;DELETE LAST CHARACTER?
0506  CA 2305                   JZ   GL3                        ;YES
0509  D7                        RST  2                          ;INPUT, ECHO BACK
050A  FE 0A                     CPI  0AH                        ;IGNORE LF
050C  CA FE04                   JZ   GL1
050F  B7                        ORA  A                          ;IGNORE NULL
0510  CA FE04                   JZ   GL1
0513  FE 7D                     CPI  7DH                        ;DELETE THE WHOLE LINE?
0515  CA 3005                   JZ   GL4                        ;YES
0518  12                        STAX D                          ;ELSE SAVE INPUT
0519  13                        INX  D                          ;AND BUMP POINTER
051A  FE 0D                     CPI  0DH                        ;WAS IT CR?
051C  C8                        RZ                              ;YES, END OF LINE
051D  7B                        MOV  A,E                        ;ELSE MORE FREE ROOM?
051E  FE 77                     CPI  BUFEND & 0FFH
0520  C2 FE04                   JNZ  GL1                        ;YES, GET NEXT INPUT
0523  7B                GL3:    MOV  A,E                        ;DELETE LAST CHARACTER
0524  FE 37                     CPI  BUFFER & 0FFH            ;BUT DO WE HAVE ANY?
0526  CA 3005                   JZ   GL4                        ;NO, REDO WHOLE LINE
0529  1B                        DCX  D                          ;YES, BACKUP POINTER
052A  3E 5C                     MVI  A,5CH                      ;AND ECHO A BACK-SLASH
052C  D7                        RST  2
052D  C3 FE04                   JMP  GL1                        ;GO GET NEXT INPUT
0530  CD 0E00           GL4:    CALL CRLF                       ;REDO ENTIRE LINE
0533  3E 5E                     MVI  A,05EH                     ;CR, LF AND UP-ARROW
0535  C3 FA04                   JMP  GETLN
                        ;
0538  7C                FNDLN:  MOV  A,H                        ;*** FNDLN ***
0539  B7                        ORA  A                          ;CHECK SIGN OF HL
053A  FA 9F00                   JM   QHOW                       ;IT CANNOT BE -
053D  11 1780                   LXI  D,TXTBGN                   ;INIT TEXT POINTER
                        ;
0540                    FNDLP:                                  ;*** FDLNP ***
0540  E5                FL1:    PUSH H                          ;SAVE LINE #
0541  2A 1580                   LHLD TXTUNF                     ;CHECK IF WE PASSED END
0544  2B                        DCX  H
0545  E7                        RST  4
0546  E1                        POP  H                          ;GET LINE # BACK
0547  D8                        RC                              ;C,NZ PASSED END
0548  1A                        LDAX D                          ;WE DID NOT, GET BYTE 1
0549  95                        SUB  L                          ;IS THIS THE LINE?
054A  47                        MOV  B,A                        ;COMPARE LOW ORDER
054B  13                        INX  D
054C  1A                        LDAX D                          ;GET BYTE 2
054D  9C                        SBB  H                          ;COMPARE HIGH ORDER
054E  DA 5505                   JC   FL2                        ;NO, NOT THERE YET
0551  1B                        DCX  D                          ;ELSE WE EITHER FOUND
0552  B0                        ORA  B                          ;IT, OR IT IS NOT THERE
0553  C9                        RET                             ;NC,Z:FOUND, NC,NZ:NO
                        ;
0554                    FNDNXT:                                 ;*** FNDNXT ***
0554  13                        INX  D                          ;FIND NEXT LINE
0555  13                FL2:    INX  D                          ;JUST PASSED BYTE 1 & 2
                        ;
0556  1A                FNDSKP: LDAX D                          ;*** FNDSKP ***
0557  FE 0D                     CPI  CR                         ;TRY TO FIND CR
0559  C2 5505                   JNZ  FL2                        ;KEEP LOOKING
055C  13                        INX  D                          ;FOUND CR, SKIP OVER
055D  C3 4005                   JMP  FL1                        ;CHECK IF END OF TEXT
                        ;
                        ;*************************************************************
                        ;
                        ; *** PRTSTG *** QTSTG *** PRTNUM *** & PRTLN ***
                        ;
                        ; 'PRTSTG' PRINTS A STRING POINTED BY DE.  IT STOPS PRINTING
                        ; AND RETURNS TO CALLER WHEN EITHER A CR IS PRINTED OR WHEN
                        ; THE NEXT BYTE IS THE SAME AS WHAT WAS IN A (GIVEN BY THE
                        ; CALLER).  OLD A IS STORED IN B, OLD B IS LOST.
                        ;
                        ; 'QTSTG' LOOKS FOR A BACK-ARROW, SINGLE QUOTE, OR DOUBLE
                        ; QUOTE.  IF NONE OF THESE, RETURN TO CALLER.  IF BACK-ARROW,
                        ; OUTPUT A CR WITHOUT A LF.  IF SINGLE OR DOUBLE QUOTE, PRINT
                        ; THE STRING IN THE QUOTE AND DEMANDS A MATCHING UNQUOTE.
                        ; AFTER THE PRINTING THE NEXT 3 BYTES OF THE CALLER IS SKIPPED
                        ; OVER (USUALLY A JUMP INSTRUCTION.
                        ;
                        ; 'PRTNUM' PRINTS THE NUMBER IN HL.  LEADING BLANKS ARE ADDED
                        ; IF NEEDED TO PAD THE NUMBER OF SPACES TO THE NUMBER IN C.
                        ; HOWEVER, IF THE NUMBER OF DIGITS IS LARGER THAN THE # IN
                        ; C, ALL DIGITS ARE PRINTED ANYWAY.  NEGATIVE SIGN IS ALSO
                        ; PRINTED AND COUNTED IN, POSITIVE SIGN IS NOT.
                        ;
                        ; 'PRTLN' PRINTS A SAVED TEXT LINE WITH LINE # AND ALL.
                        ;
0560  47                PRTSTG: MOV  B,A                        ;*** PRTSTG ***
0561  1A                PS1:    LDAX D                          ;GET A CHARACTER
0562  13                        INX  D                          ;BUMP POINTER
0563  B8                        CMP  B                          ;SAME AS OLD A?
0564  C8                        RZ                              ;YES, RETURN
0565  D7                        RST  2                          ;ELSE PRINT IT
0566  FE 0D                     CPI  CR                         ;WAS IT A CR?
0568  C2 6105                   JNZ  PS1                        ;NO, NEXT
056B  C9                        RET                             ;YES, RETURN
                        ;
056C  CF                QTSTG:  RST  1                          ;*** QTSTG ***
056D  22                        DB   '"'
056E  0F                        DB   QT3-$-1
056F  3E 22                     MVI  A,22H                      ;IT IS A "
0571  CD 6005           QT1:    CALL PRTSTG                     ;PRINT UNTIL ANOTHER
0574  FE 0D                     CPI  CR                         ;WAS LAST ONE A CR?
0576  E1                        POP  H                          ;RETURN ADDRESS
0577  CA 4701                   JZ   RUNNXL                     ;WAS CR, RUN NEXT LINE
057A  23                QT2:    INX  H                          ;SKIP 3 BYTES ON RETURN
057B  23                        INX  H
057C  23                        INX  H
057D  E9                        PCHL                            ;RETURN
057E  CF                QT3:    RST  1                          ;IS IT A '?
057F  27                        DB   27H
0580  05                        DB   QT4-$-1
0581  3E 27                     MVI  A,27H                      ;YES, DO THE SAME
0583  C3 7105                   JMP  QT1                        ;AS IN "
0586  CF                QT4:    RST  1                          ;IS IT BACK-ARROW?
0587  5F                        DB   5FH
0588  08                        DB   QT5-$-1
0589  3E 8D                     MVI  A,08DH                     ;YES, CR WITHOUT LF
058B  D7                        RST  2                          ;DO IT TWICE TO GIVE
058C  D7                        RST  2                          ;TTY ENOUGH TIME
058D  E1                        POP  H                          ;RETURN ADDRESS
058E  C3 7A05                   JMP  QT2
0591  C9                QT5:    RET                             ;NONE OF ABOVE
                        ;
0592  06 00             PRTNUM: MVI  B,0                        ;*** PRTNUM ***
0594  CD 8304                   CALL CHKSGN                     ;CHECK SIGN
0597  F2 9D05                   JP   PN1                        ;NO SIGN
059A  06 2D                     MVI  B,'-'                      ;B=SIGN
059C  0D                        DCR  C                          ;'-' TAKES SPACE
059D  D5                PN1:    PUSH D                          ;SAVE
059E  11 0A00                   LXI  D,0AH                      ;DECIMAL
05A1  D5                        PUSH D                          ;SAVE AS A FLAG
05A2  0D                        DCR  C                          ;C=SPACES
05A3  C5                        PUSH B                          ;SAVE SIGN & SPACE
05A4  CD 6604           PN2:    CALL DIVIDE                     ;DIVIDE HL BY 10
05A7  78                        MOV  A,B                        ;RESULT 0?
05A8  B1                        ORA  C
05A9  CA B405                   JZ   PN3                        ;YES, WE GOT ALL
05AC  E3                        XTHL                            ;NO, SAVE REMAINDER
05AD  2D                        DCR  L                          ;AND COUNT SPACE
05AE  E5                        PUSH H                          ;HL IS OLD BC
05AF  60                        MOV  H,B                        ;MOVE RESULT TO BC
05B0  69                        MOV  L,C
05B1  C3 A405                   JMP  PN2                        ;AND DIVIDE BY 10
05B4  C1                PN3:    POP  B                          ;WE GOT ALL DIGITS IN
05B5  0D                PN4:    DCR  C                          ;THE STACK
05B6  79                        MOV  A,C                        ;LOOK AT SPACE COUNT
05B7  B7                        ORA  A
05B8  FA C105                   JM   PN5                        ;NO LEADING BLANKS
05BB  3E 20                     MVI  A,20H                      ;LEADING BLANKS
05BD  D7                        RST  2
05BE  C3 B505                   JMP  PN4                        ;MORE?
05C1  78                PN5:    MOV  A,B                        ;PRINT SIGN
05C2  B7                        ORA  A
05C3  C4 1000                   CNZ  10H
05C6  5D                        MOV  E,L                        ;LAST REMAINDER IN E
05C7  7B                PN6:    MOV  A,E                        ;CHECK DIGIT IN E
05C8  FE 0A                     CPI  0AH                        ;10 IS FLAG FOR NO MORE
05CA  D1                        POP  D
05CB  C8                        RZ                              ;IF SO, RETURN
05CC  C6 30                     ADI  30H                        ;ELSE CONVERT TO ASCII
05CE  D7                        RST  2                          ;AND PRINT THE DIGIT
05CF  C3 C705                   JMP  PN6                        ;GO BACK FOR MORE
                        ;
05D2  1A                PRTLN:  LDAX D                          ;*** PRTLN ***
05D3  6F                        MOV  L,A                        ;LOW ORDER LINE #
05D4  13                        INX  D
05D5  1A                        LDAX D                          ;HIGH ORDER
05D6  67                        MOV  H,A
05D7  13                        INX  D
05D8  0E 04                     MVI  C,4H                       ;PRINT 4 DIGIT LINE #
05DA  CD 9205                   CALL PRTNUM
05DD  3E 20                     MVI  A,20H                      ;FOLLOWED BY A BLANK
05DF  D7                        RST  2
05E0  97                        SUB  A                          ;AND THEN THE NEXT
05E1  CD 6005                   CALL PRTSTG
05E4  C9                        RET
                        ;
                        ;*************************************************************
                        ;
                        ; *** MVUP *** MVDOWN *** POPA *** & PUSHA ***
                        ;
                        ; 'MVUP' MOVES A BLOCK UP FROM WHERE DE-> TO WHERE BC-> UNTIL
                        ; DE = HL
                        ;
                        ; 'MVDOWN' MOVES A BLOCK DOWN FROM WHERE DE-> TO WHERE HL->
                        ; UNTIL DE = BC
                        ;
                        ; 'POPA' RESTORES THE 'FOR' LOOP VARIABLE SAVE AREA FROM THE
                        ; STACK
                        ;
                        ; 'PUSHA' STACKS THE 'FOR' LOOP VARIABLE SAVE AREA INTO THE
                        ; STACK
                        ;
05E5  E7                MVUP:   RST  4                          ;*** MVUP ***
05E6  C8                        RZ                              ;DE = HL, RETURN
05E7  1A                        LDAX D                          ;GET ONE BYTE
05E8  02                        STAX B                          ;MOVE IT
05E9  13                        INX  D                          ;INCREASE BOTH POINTERS
05EA  03                        INX  B
05EB  C3 E505                   JMP  MVUP                       ;UNTIL DONE
                        ;
05EE  78                MVDOWN: MOV  A,B                        ;*** MVDOWN ***
05EF  92                        SUB  D                          ;TEST IF DE = BC
05F0  C2 F605                   JNZ  MD1                        ;NO, GO MOVE
05F3  79                        MOV  A,C                        ;MAYBE, OTHER BYTE?
05F4  93                        SUB  E
05F5  C8                        RZ                              ;YES, RETURN
05F6  1B                MD1:    DCX  D                          ;ELSE MOVE A BYTE
05F7  2B                        DCX  H                          ;BUT FIRST DECREASE
05F8  1A                        LDAX D                          ;BOTH POINTERS AND
05F9  77                        MOV  M,A                        ;THEN DO IT
05FA  C3 EE05                   JMP  MVDOWN                     ;LOOP BACK
                        ;
05FD  C1                POPA:   POP  B                          ;BC = RETURN ADDR.
05FE  E1                        POP  H                          ;RESTORE LOPVAR, BUT
05FF  22 0980                   SHLD LOPVAR                     ;=0 MEANS NO MORE
0602  7C                        MOV  A,H
0603  B5                        ORA  L
0604  CA 1706                   JZ   PP1                        ;YEP, GO RETURN
0607  E1                        POP  H                          ;NOP, RESTORE OTHERS
0608  22 0B80                   SHLD LOPINC
060B  E1                        POP  H
060C  22 0D80                   SHLD LOPLMT
060F  E1                        POP  H
0610  22 0F80                   SHLD LOPLN
0613  E1                        POP  H
0614  22 1180                   SHLD LOPPT
0617  C5                PP1:    PUSH B                          ;BC = RETURN ADDR.
0618  C9                        RET
                        ;
0619  21 78FE           PUSHA:  LXI  H,STKLMT                   ;*** PUSHA ***
061C  CD 8604                   CALL CHGSGN
061F  C1                        POP  B                          ;BC=RETURN ADDRESS
0620  39                        DAD  SP                         ;IS STACK NEAR THE TOP?
0621  D2 F304                   JNC  QSORRY                     ;YES, SORRY FOR THAT
0624  2A 0980                   LHLD LOPVAR                     ;ELSE SAVE LOOP VAR'S
0627  7C                        MOV  A,H                        ;BUT IF LOPVAR IS 0
0628  B5                        ORA  L                          ;THAT WILL BE ALL
0629  CA 3F06                   JZ   PU1
062C  2A 1180                   LHLD LOPPT                      ;ELSE, MORE TO SAVE
062F  E5                        PUSH H
0630  2A 0F80                   LHLD LOPLN
0633  E5                        PUSH H
0634  2A 0D80                   LHLD LOPLMT
0637  E5                        PUSH H
0638  2A 0B80                   LHLD LOPINC
063B  E5                        PUSH H
063C  2A 0980                   LHLD LOPVAR
063F  E5                PU1:    PUSH H
0640  C5                        PUSH B                          ;BC = RETURN ADDR.
0641  C9                        RET
                        ;
                        ;*************************************************************
                        ;
                        ; *** OUTC *** & CHKIO ***
                        ;
                        ; THESE ARE THE ONLY I/O ROUTINES IN TBI.
                        ; 'OUTC' IS CONTROLLED BY A SOFTWARE SWITCH 'OCSW'.  IF OCSW=0
                        ; 'OUTC' WILL JUST RETURN TO THE CALLER.  IF OCSW IS NOT 0,
                        ; IT WILL OUTPUT THE BYTE IN A.  IF THAT IS A CR, A LF IS ALSO
                        ; SEND OUT.  ONLY THE FLAGS MAY BE CHANGED AT RETURN. ALL REG.
                        ; ARE RESTORED.
                        ;
                        ; 'CHKIO' CHECKS THE INPUT.  IF NO INPUT, IT WILL RETURN TO
                        ; THE CALLER WITH THE Z FLAG SET.  IF THERE IS INPUT, Z FLAG
                        ; IS CLEARED AND THE INPUT BYTE IS IN A.  HOWEVER, IF THE
                        ; INPUT IS A CONTROL-O, THE 'OCSW' SWITCH IS COMPLIMENTED, AND
                        ; Z FLAG IS RETURNED.  IF A CONTROL-C IS READ, 'CHKIO' WILL
                        ; RESTART TBI AND DO NOT RETURN TO THE CALLER.
                        ;
                        ;OUTC:  PUSH PSW                        ;THIS IS AT LOC. 10
                        ;       LDA  OCSW                       ;CHECK SOFTWARE SWITCH
                        ;       ORA  A
0642  32 0080           INIT:   STA  OCSW
                                ; Insert custom init code here
                                ;
                                ; End custom init code
0645  16 19                     MVI  D,19H
0647                    PATLOP:
0647  CD 0E00                   CALL CRLF
064A  15                        DCR  D
064B  C2 4706                   JNZ  PATLOP
064E  97                        SUB  A
064F  11 9C06                   LXI  D,MSG1
0652  CD 6005                   CALL PRTSTG
0655  21 0000                   LXI  H,START
0658  22 1380                   SHLD RANPNT
065B  21 1780                   LXI  H,TXTBGN
065E  22 1580                   SHLD TXTUNF
0661  C3 BA00                   JMP  RSTART
0664  C2 6906           OC2:    JNZ  OC3                        ;IT IS ON
0667  F1                        POP  PSW                        ;IT IS OFF
0668  C9                        RET                             ;RESTORE AF AND RETURN
                                ; Output character
                                ; Start of loop to check if transmit buffer is empty
0669                    OC3:
                        ;        IN   transmit_status            ;Check status FIXME
                        ;        ANI  1H                         ;STATUS BIT
                        ;        JZ   OC3                        ;NOT READY, WAIT
0669  F1                        POP  PSW                        ;READY, GET OLD A BACK
                                ; Write data to transmit buffer
                        ;        OUT  transmit_buffer            ;Out to data port FIXME
066A  C5                        push    b                       ; Save BC
066B  F5                        push    psw                     ; Save A and flags
066C  4F                        mov     c, a                    ; Transmit char in C
066D  CD 7907                   call    cout                    ; Transmit
0670  F1                        pop     psw                     ; Restore A and flags
0671  C1                        pop     b                       ; Restore BC

0672  FE 0D                     CPI  CR                         ;WAS IT CR?
0674  C0                        RNZ                             ;NO, FINISHED
0675  3E 0A                     MVI  A,LF                       ;YES, WE SEND LF TOO
0677  D7                        RST  2                          ;THIS IS RECURSIVE
0678  3E 0D                     MVI  A,CR                       ;GET CR BACK IN A
067A  C9                        RET
                        ;
067B                    CHKIO:
                                ; Tiny BASIC wants this to be a check status & return or read char routine
                                ; So we'll check if the line is low. If not, we return
067B  CD 6207                   call    checkline
067E  C8                        rz
                                ; Go get character
067F  C5                        push    b                       ; Save BC
0680  CD 9407                   call    cin                     ; Get character
0683  79                        mov     a, c                    ; Save character to A
0684  C1                        pop     b                       ; Restore BC
0685  E6 7F                     ANI  7FH                        ;MASK BIT 7 OFF
0687  FE 0F                     CPI  0FH                        ;IS IT CONTROL-O?
0689  C2 9606                   JNZ  CI1                        ;NO, MORE CHECKING
068C  3A 0080                   LDA  OCSW                       ;CONTROL-O FLIPS OCSW
068F  2F                        CMA                             ;ON TO OFF, OFF TO ON
0690  32 0080                   STA  OCSW
0693  C3 7B06                   JMP  CHKIO                      ;GET ANOTHER INPUT
0696  FE 03             CI1:    CPI  3H                         ;IS IT CONTROL-C?
0698  C0                        RNZ                             ;NO, RETURN "NZ"
0699  C3 BA00                   JMP  RSTART                     ;YES, RESTART TBI
                        ;
069C  54494E59 20       MSG1:   DB   'TINY '
06A1  42415349 43               DB   'BASIC'
06A6  0D                        DB   CR
                        ;
                        ;*************************************************************
                        ;
                        ; *** TABLES *** DIRECT *** & EXEC ***
                        ;
                        ; THIS SECTION OF THE CODE TESTS A STRING AGAINST A TABLE.
                        ; WHEN A MATCH IS FOUND, CONTROL IS TRANSFERED TO THE SECTION
                        ; OF CODE ACCORDING TO THE TABLE.
                        ;
                        ; AT 'EXEC', DE SHOULD POINT TO THE STRING AND HL SHOULD POINT
                        ; TO THE TABLE-1.  AT 'DIRECT', DE SHOULD POINT TO THE STRING.
                        ; HL WILL BE SET UP TO POINT TO TAB1-1, WHICH IS THE TABLE OF
                        ; ALL DIRECT AND STATEMENT COMMANDS.
                        ;
                        ; A '.' IN THE STRING WILL TERMINATE THE TEST AND THE PARTIAL
                        ; MATCH WILL BE CONSIDERED AS A MATCH.  E.G., 'P.', 'PR.',
                        ; 'PRI.', 'PRIN.', OR 'PRINT' WILL ALL MATCH 'PRINT'.
                        ;
                        ; THE TABLE CONSISTS OF ANY NUMBER OF ITEMS.  EACH ITEM
                        ; IS A STRING OF CHARACTERS WITH BIT 7 SET TO 0 AND
                        ; A JUMP ADDRESS STORED HI-LOW WITH BIT 7 OF THE HIGH
                        ; BYTE SET TO 1.
                        ;
                        ; END OF TABLE IS AN ITEM WITH A JUMP ADDRESS ONLY.  IF THE
                        ; STRING DOES NOT MATCH ANY OF THE OTHER ITEMS, IT WILL
                        ; MATCH THIS NULL ITEM AS DEFAULT.
                        ;
06A7                    TAB1:                                   ;DIRECT COMMANDS
06A7  4C495354                  DB      'LIST'
06AB                            DWA     LIST    ;        DRW  LIST
06AD  52554E                    DB      'RUN'
06B0                            DWA     RUN
06B2  4E4557                    DB      'NEW'
06B5                            DWA     NEW
                        ;
06B7                    TAB2:                                   ;DIRECT/STATEMENT
06B7  4E455854                  DB   'NEXT'
06BB                            DWA  NEXT
06BD  4C4554                    DB   'LET'
06C0                            DWA  LET
06C2  4946                      DB   'IF'
06C4                            DWA  IFF
06C6  474F544F                  DB   'GOTO'
06CA                            DWA  GOTO
06CC  474F5355 42               DB   'GOSUB'
06D1                            DWA  GOSUB
06D3  52455455 524E             DB   'RETURN'
06D9                            DWA  RETURN
06DB  52454D                    DB   'REM'
06DE                            DWA  REM
06E0  464F52                    DB   'FOR'
06E3                            DWA  FOR
06E5  494E5055 54               DB   'INPUT'
06EA                            DWA  INPUT
06EC  5052494E 54               DB   'PRINT'
06F1                            DWA  PRINT
06F3  53544F50                  DB   'STOP'
06F7                            DWA  STOP
06F9                            DWA  DEFLT
                        ;
06FB                    TAB4:                                   ;FUNCTIONS
06FB  524E44                    DB   'RND'
06FE                            DWA  RND
0700  414253                    DB   'ABS'
0703                            DWA  ABS
0705  53495A45                  DB   'SIZE'
0709                            DWA  SIZE
070B                            DWA  XP40
                        ;
070D                    TAB5:                                   ;"TO" IN "FOR"
070D  544F                      DB   'TO'
070F                            DWA  FR1
0711                            DWA  QWHAT
                        ;
0713                    TAB6:                                   ;"STEP" IN "FOR"
0713  53544550                  DB   'STEP'
0717                            DWA  FR2
0719                            DWA  FR3
                        ;
071B                    TAB8:                                   ;RELATION OPERATORS
071B  3E3D                      DB   '>='
071D                            DWA  XP11
071F  23                        DB   '#'
0720                            DWA  XP12
0722  3E                        DB   '>'
0723                            DWA  XP13
0725  3D                        DB   '='
0726                            DWA  XP15
0728  3C3D                      DB   '<='
072A                            DWA  XP14
072C  3C                        DB   '<'
072D                            DWA  XP16
072F                            DWA  XP17
                        ;
0731  21 A606           DIRECT: LXI  H,TAB1-1                   ;*** DIRECT ***
                        ;
0734                    EXEC:                                   ;*** EXEC ***
0734  EF                EX0:    RST  5                          ;IGNORE LEADING BLANKS
0735  D5                        PUSH D                          ;SAVE POINTER
0736  1A                EX1:    LDAX D                          ;IF FOUND '.' IN STRING
0737  13                        INX  D                          ;BEFORE ANY MISMATCH
0738  FE 2E                     CPI  2EH                        ;WE DECLARE A MATCH
073A  CA 5307                   JZ   EX3
073D  23                        INX  H                          ;HL->TABLE
073E  BE                        CMP  M                          ;IF MATCH, TEST NEXT
073F  CA 3607                   JZ   EX1
0742  3E 7F                     MVI  A,07FH                     ;ELSE SEE IF BIT 7
0744  1B                        DCX  D                          ;OF TABLE IS SET, WHICH
0745  BE                        CMP  M                          ;IS THE JUMP ADDR. (HI)
0746  DA 5A07                   JC   EX5                        ;C:YES, MATCHED
0749  23                EX2:    INX  H                          ;NC:NO, FIND JUMP ADDR.
074A  BE                        CMP  M
074B  D2 4907                   JNC  EX2
074E  23                        INX  H                          ;BUMP TO NEXT TAB. ITEM
074F  D1                        POP  D                          ;RESTORE STRING POINTER
0750  C3 3407                   JMP  EX0                        ;TEST AGAINST NEXT ITEM
0753  3E 7F             EX3:    MVI  A,07FH                     ;PARTIAL MATCH, FIND
0755  23                EX4:    INX  H                          ;JUMP ADDR., WHICH IS
0756  BE                        CMP  M                          ;FLAGGED BY BIT 7
0757  D2 5507                   JNC  EX4
075A  7E                EX5:    MOV  A,M                        ;LOAD HL WITH THE JUMP
075B  23                        INX  H                          ;ADDRESS FROM THE TABLE
075C  6E                        MOV  L,M
075D  E6 7F                     ANI  7FH                        ;MASK OFF BIT 7
075F  67                        MOV  H,A
0760  F1                        POP  PSW                        ;CLEAN UP THE GABAGE
0761  E9                        PCHL                            ;AND WE GO DO IT
                        ;
                        ; -----------------------------------------------------------------------------
                        ; 8085A serial line routine
                        ; From Intel Application Note AP-29 August 1977 with inputs from "Microprocessor 8085 and
                        ; Its Interfacing" By Sunil Mathur

      = 0030            sim     .equ    030h    ; ASMX doesn't seem to recognize these 8085 instructions
      = 0020            rim     .equ    020h
      = 0032            bittime .equ    032h    ; 2400 baud for 6.144MHz clock
      = 0018            halfbit .equ    018h    ; 19h
      = 000B            numbits .equ    11      ; Two stop bits
      = 0009            inbits  .equ    9       ; One stop bit

                        ; Check if SID is low
0762                    checkline:
0762  20                        db      rim
0763  B7                        ora     a
0764  F2 6807                   jp      checkline0      ; Line is low
0767  AF                        xra     a               ; Set zero flag
0768                    checkline0:                     ; zero flag = 0
0768  C9                        ret

                        ; Wait half bit time (1 cycle less than actual)
0769                    halfbitloop:
0769  11 1800                   lxi     d, halfbit
076C  F2 7207                   jp      bl1
                        ; Wait full bit time
076F                    bitloop:
076F  11 3200                   lxi     d, bittime  ; 10T 1a3h
0772                    bl1:
0772  1B                        dcx     d       ; 6T
0773  7B                        mov     a, e    ; 4T
0774  B2                        ora     d       ; 4T
0775  C2 7207                   jnz     bl1     ; 10T/7T
0778  C9                        ret             ; 10T

                        ; Serial transmit
                        ; C = value to transmit
                        ; Changes A
                        ; Preserves BC
0779                    cout:
0779  D5                        push    d
077A  C5                        push    b
077B  E5                        push    h
077C  F3                        di
077D  AF                        xra     a       ; Clear cy
077E  06 0B                     mvi     b, numbits
0780                    co1:
0780  3E 80                     mvi     a, 80h  ; 7T
0782  1F                        rar             ; 4T
0783  30                        db      sim
0784  CD 6F07                   call    bitloop ; 17T
0787  37                        stc             ; 4T
0788  79                        mov     a, c    ; 5T
0789  1F                        rar             ; 4T
078A  4F                        mov     c, a    ; 5T
078B  05                        dcr     b       ; 5T
078C  C2 8007                   jnz     co1     ; 10T
078F  E1                        pop     h
0790  C1                        pop     b
0791  D1                        pop     d
0792  FB                        ei
0793  C9                        ret

                        ; Serial receive
                        ; Input character
                        ; Character in C
                        ; Changes A & B
0794                    cin:
0794  F3                        di
0795  D5                        push    d
0796  E5                        push    h
0797  06 09                     mvi     b, inbits
0799                    cix1:
0799  20                        db      rim     ; RIM
079A  B7                        ora     a
079B  FA 9907                   jm      cix1     ; Wait for start bit
                                ; Go to middle of start bit
079E  CD 6907                   call    halfbitloop
                                ; Go to middle of next bit
07A1                    ci3:
07A1  CD 6F07                   call    bitloop
                                ; Read in next bit
07A4  20                        db      rim
07A5  17                        ral             ; Bit in cy
07A6  05                        dcr     b
07A7  CA B107                   jz      ci5     ; First stop bit, quit
07AA  79                        mov     a,c     ; Rotate partial char in to C
07AB  1F                        rar
07AC  4F                        mov     c, a
07AD  00                        nop             ; cin and cout loop times are the same
07AE  C3 A107                   jmp     ci3
07B1                    ci5:
07B1  E1                        pop     h
07B2  D1                        pop     d
07B3  FB                        ei
07B4  C9                        ret
                        ;
                        ; End of 8085 serial routines
                        ; -----------------------------------------------------------------------------
                        ;
07B5                    LSTROM:                                 ;ALL ABOVE CAN BE ROM
                        ;       ORG  1000H                      ;HERE DOWN MUST BE RAM
8000                            ORG  8000H                      ; Assume 32KB RAM
8000   (0001)           OCSW:   DS   1                          ;SWITCH FOR OUTPUT
8001   (0002)           CURRNT: DS   2                          ;POINTS TO CURRENT LINE
8003   (0002)           STKGOS: DS   2                          ;SAVES SP IN 'GOSUB'
8005   (0002)           VARNXT: DS   2                          ;TEMP STORAGE
8007   (0002)           STKINP: DS   2                          ;SAVES SP IN 'INPUT'
8009   (0002)           LOPVAR: DS   2                          ;'FOR' LOOP SAVE AREA
800B   (0002)           LOPINC: DS   2                          ;INCREMENT
800D   (0002)           LOPLMT: DS   2                          ;LIMIT
800F   (0002)           LOPLN:  DS   2                          ;LINE NUMBER
8011   (0002)           LOPPT:  DS   2                          ;TEXT POINTER
8013   (0002)           RANPNT: DS   2                          ;RANDOM NUMBER POINTER
8015   (0002)           TXTUNF: DS   2                          ;->UNFILLED TEXT AREA
8017   (0002)           TXTBGN: DS   2                          ;TEXT SAVE AREA BEGINS
                        ;       ORG  1366H
                        ;       ORG  1F00H
FE00                    	ORG  0FE00H			;for 32K RAM (256bytes less than STACK top
FE00   (0000)           TXTEND: DS   0                          ;TEXT SAVE AREA ENDS
FE00   (0037)           VARBGN: DS   55                         ;VARIABLE @(0)
FE37   (0040)           BUFFER: DS   64                         ;INPUT BUFFER
FE77   (0001)           BUFEND: DS   1                          ;BUFFER ENDS
FE78   (0001)           STKLMT: DS   1                          ;TOP LIMIT FOR STACK
                        ;       ORG  1400H
                        ;       ORG  2000H
FF00                    	ORG  0FF00H			;for 64K system -- 32k ROM, 32K RAM
FF00   (0000)           STACK:  DS   0                          ;STACK STARTS HERE
                        ;
      = 000D            CR      EQU  0DH
      = 000A            LF      EQU  0AH



FF00                            END

00000 Total Error(s)

ABS                0450    AHOW               00A0    ASORRY             04F4
AWHAT              04C7    BITLOOP            076F    BITTIME            0032 E
BL1                0772    BUFEND             FE77    BUFFER             FE37
CHECKLINE          0762    CHECKLINE0         0768    CHGSGN             0486
CHKIO              067B    CHKSGN             0483    CI1                0696
CI3                07A1    CI5                07B1    CIN                0794
CIX1               0799    CK1                049E    CKHLDE             0498
CO1                0780    COUT               0779    CR                 000D E
CRLF               000E    CURRNT             8001    DEFLT              031D
DIRECT             0731    DIVIDE             0466    DV1                0471
DV2                0473    ENDCHK             04C2    ERROR              04CA
EX0                0734    EX1                0736    EX2                0749
EX3                0753    EX4                0755    EX5                075A
EXEC               0734    EXPR1              032D    EXPR2              0371
EXPR3              03A5    EXPR4              0405    FI1                04BA
FI2                04C1    FIN                04B3    FL1                0540
FL2                0555    FNDLN              0538    FNDLP              0540
FNDNXT             0554    FNDSKP             0556    FOR                01F8
FR1                0208    FR2                0212    FR3                0216
FR4                0219    FR5                021C    FR7                0231
FR8                0252    GETLN              04FA    GL1                04FE
GL3                0523    GL4                0530    GOSUB              01BF
GOTO               0160    HALFBIT            0018 E  HALFBITLOOP        0769
HOW                00A6    IFF                02B4    INBITS             0009 E
INIT               0642    INPERR             02C3    INPUT              02CD
IP1                02CD    IP2                02DB    IP3                02EB
IP4                0315    IP5                031C    LET                0323
LF                 000A E  LIST               016F    LOPINC             800B
LOPLMT             800D    LOPLN              800F    LOPPT              8011
LOPVAR             8009    LS1                0178    LSTROM             07B5
LT1                032C    MD1                05F6    MSG1               069C
MVDOWN             05EE    MVUP               05E5    NEW                0132
NEXT               0257    NUMBITS            000B E  NX0                025E
NX1                0298    NX2                02AC    NX3                0276
NX4                0288    NX5                02AA    OC2                0664
OC3                0669    OCSW               8000    OK                 00AB
PARN               041A    PATLOP             0647    PN1                059D
PN2                05A4    PN3                05B4    PN4                05B5
PN5                05C1    PN6                05C7    POPA               05FD
PP1                0617    PR0                019B    PR1                01A3
PR2                0192    PR3                01A9    PR6                01B2
PR8                01B6    PRINT              0187    PRTLN              05D2
PRTNUM             0592    PRTSTG             0560    PS1                0561
PU1                063F    PUSHA              0619    QHOW               009F
QSORRY             04F3    QT1                0571    QT2                057A
QT3                057E    QT4                0586    QT5                0591
QTSTG              056C    QWHAT              04C6    RA1                0440
RANPNT             8013    REM                02B0    RETURN             01DF
RIM                0020 E  RND                0425    RSTART             00BA
RUN                0141    RUNNXL             0147    RUNSML             0157
RUNTSL             0150    SETVAL             04A0    SIM                0030 E
SIZE               0459    SORRY              00B4    SS1                0028
ST1                00BD    ST2                00CD    ST3                00D6
ST4                010B    STACK              FF00    START              0000
STKGOS             8003    STKINP             8007    STKLMT             FE78
STOP               013B    SUBDE              047C    SV1                04B0
TAB1               06A7    TAB2               06B7    TAB4               06FB
TAB5               070D    TAB6               0713    TAB8               071B
TC1                0068    TC2                0073    TN1                007C
TSTNUM             0077    TV1                0058    TXTBGN             8017
TXTEND             FE00    TXTUNF             8015    VARBGN             FE00
VARNXT             8005    WHAT               00AE    XP11               0333
XP12               0339    XP13               033F    XP14               0346
XP15               034E    XP16               0354    XP17               035A
XP18               035C    XP21               037A    XP22               037D
XP23               0380    XP24               0387    XP25               0398
XP26               039B    XP31               03A8    XP32               03C5
XP33               03CD    XP34               03D8    XP35               03F7
XP40               040B    XP41               0414    XP42               0421
XP43               0422
